id;name;notes;status;room_id;facility_id;created_by;created_date;last_modified_by;last_modified_date;del_status
1;Khaki;ac consequat metus sapien ut nunc vestibulum ante ipsum primis in faucibus orci luctus et ultrices posuere cubilia curae;ACT;1;2;system;2016-05-17 19:44:22;;2016-07-23 12:50:12;false
2;Violet;massa quis augue luctus tincidunt nulla mollis molestie lorem quisque ut;ACT;58;7;system;2016-07-14 19:27:10;;2016-04-14 23:25:45;false
3;Purple;luctus rutrum nulla tellus in sagittis dui vel nisl duis ac;ACT;73;5;system;2016-07-20 12:20:44;;2016-10-04 20:00:32;false
4;Green;eget congue eget semper rutrum nulla nunc purus phasellus in felis donec semper sapien a libero nam;ACT;84;7;system;2016-07-26 03:13:25;;2016-06-24 12:15:50;false
5;Mauv;praesent id massa id nisl venenatis lacinia aenean sit amet justo morbi ut odio cras mi pede malesuada in imperdiet;ACT;74;6;system;2016-11-04 16:54:21;;2016-11-28 00:47:25;false
6;Red;quisque erat eros viverra eget congue eget semper rutrum nulla nunc purus;ACT;13;1;system;2016-11-06 15:54:16;;2016-02-24 08:47:53;false
7;Khaki;sociis natoque penatibus et magnis dis parturient montes nascetur ridiculus mus etiam vel augue;ACT;44;4;system;2016-06-19 15:37:23;;2016-12-15 20:29:28;false
8;Yellow;nunc nisl duis bibendum felis sed interdum venenatis turpis enim blandit mi;ACT;87;8;system;2016-07-23 00:02:03;;2016-11-11 19:35:48;false
9;Green;feugiat et eros vestibulum ac est lacinia nisi venenatis tristique;ACT;78;5;system;2016-07-01 11:22:35;;2016-08-23 17:49:03;false
10;Puce;non pretium quis lectus suspendisse potenti in eleifend quam a odio in hac habitasse platea dictumst maecenas;ACT;96;5;system;2016-08-23 22:43:17;;2016-10-21 14:33:33;false
11;Pink;erat fermentum justo nec condimentum neque sapien placerat ante nulla justo aliquam quis turpis eget elit sodales scelerisque;ACT;22;5;system;2016-08-03 11:51:39;;2016-11-24 10:30:58;false
12;Purple;ligula in lacus curabitur at ipsum ac tellus semper interdum mauris ullamcorper;ACT;13;10;system;2016-03-21 03:04:00;;2016-11-05 18:49:05;false
13;Puce;dui nec nisi volutpat eleifend donec ut dolor morbi vel lectus in quam fringilla rhoncus mauris enim leo rhoncus;ACT;47;1;system;2016-02-22 14:23:15;;2016-05-03 10:25:52;false
14;Maroon;lectus suspendisse potenti in eleifend quam a odio in hac habitasse platea dictumst maecenas ut massa quis augue luctus tincidunt;ACT;25;8;system;2016-02-15 10:43:02;;2016-11-17 05:22:04;false
15;Goldenrod;vitae nisi nam ultrices libero non mattis pulvinar nulla pede;ACT;68;10;system;2016-08-08 19:41:18;;2016-03-08 11:37:17;false
16;Pink;non quam nec dui luctus rutrum nulla tellus in sagittis dui vel nisl duis ac nibh;ACT;28;10;system;2016-05-20 21:28:16;;2016-07-15 14:42:31;false
17;Blue;in quis justo maecenas rhoncus aliquam lacus morbi quis tortor;ACT;19;9;system;2016-12-04 12:22:47;;2016-03-21 00:07:42;false
18;Violet;lacus purus aliquet at feugiat non pretium quis lectus suspendisse potenti in eleifend quam a odio in hac habitasse platea;ACT;45;4;system;2016-05-09 04:16:39;;2016-02-27 02:16:24;false
19;Pink;nullam porttitor lacus at turpis donec posuere metus vitae ipsum aliquam non mauris morbi non lectus aliquam sit amet diam;ACT;95;2;system;2016-01-04 09:48:32;;2016-01-30 03:48:09;false
20;Goldenrod;diam id ornare imperdiet sapien urna pretium nisl ut volutpat sapien arcu sed;ACT;64;10;system;2016-11-28 12:55:51;;2016-06-22 12:59:33;false
21;Turquoise;libero non mattis pulvinar nulla pede ullamcorper augue a suscipit nulla elit ac nulla sed vel enim;ACT;66;5;system;2016-01-04 19:33:50;;2016-03-21 07:07:30;false
22;Teal;quam pede lobortis ligula sit amet eleifend pede libero quis orci nullam molestie nibh in lectus pellentesque;ACT;27;10;system;2016-10-10 05:56:30;;2016-07-29 12:36:24;false
23;Orange;convallis morbi odio odio elementum eu interdum eu tincidunt in;ACT;20;10;system;2016-10-28 08:22:49;;2016-07-15 01:36:54;false
24;Khaki;sapien dignissim vestibulum vestibulum ante ipsum primis in faucibus orci luctus et ultrices posuere;ACT;1;6;system;2016-03-25 13:35:46;;2016-04-26 14:13:59;false
25;Indigo;sapien arcu sed augue aliquam erat volutpat in congue etiam justo;ACT;59;2;system;2016-04-28 14:06:55;;2016-01-04 00:35:52;false
26;Goldenrod;nulla justo aliquam quis turpis eget elit sodales scelerisque mauris sit;ACT;82;1;system;2016-12-22 11:59:53;;2016-05-13 13:58:38;false
27;Violet;pellentesque ultrices mattis odio donec vitae nisi nam ultrices libero non mattis pulvinar nulla pede ullamcorper augue a;ACT;17;2;system;2016-08-11 07:02:00;;2016-01-13 21:42:46;false
28;Khaki;at lorem integer tincidunt ante vel ipsum praesent blandit lacinia erat vestibulum sed magna at nunc commodo placerat praesent blandit;ACT;100;4;system;2016-03-29 09:02:43;;2016-06-30 18:09:52;false
29;Yellow;justo in blandit ultrices enim lorem ipsum dolor sit amet;ACT;76;8;system;2016-04-21 06:09:06;;2016-03-12 12:56:13;false
30;Yellow;at lorem integer tincidunt ante vel ipsum praesent blandit lacinia erat vestibulum sed magna;ACT;8;8;system;2016-07-27 19:07:26;;2016-05-26 11:31:19;false
31;Khaki;dui maecenas tristique est et tempus semper est quam pharetra;ACT;44;5;system;2016-04-04 12:41:45;;2016-05-11 19:05:27;false
32;Puce;nec sem duis aliquam convallis nunc proin at turpis a pede posuere nonummy integer non;ACT;95;3;system;2016-12-09 18:18:48;;2016-11-08 20:39:54;false
33;Teal;mauris morbi non lectus aliquam sit amet diam in magna bibendum imperdiet nullam orci;ACT;46;5;system;2016-11-21 07:08:56;;2016-03-08 05:50:24;false
34;Orange;lobortis est phasellus sit amet erat nulla tempus vivamus in felis eu sapien;ACT;27;4;system;2016-11-21 19:55:19;;2016-06-10 13:17:37;false
35;Teal;posuere cubilia curae mauris viverra diam vitae quam suspendisse potenti nullam porttitor lacus at;ACT;57;7;system;2016-07-10 03:33:17;;2016-02-15 07:01:54;false
36;Turquoise;dolor quis odio consequat varius integer ac leo pellentesque ultrices mattis odio donec vitae nisi nam ultrices libero non mattis;ACT;82;3;system;2016-07-26 21:40:16;;2016-05-30 22:24:41;false
37;Turquoise;vivamus metus arcu adipiscing molestie hendrerit at vulputate vitae nisl aenean lectus pellentesque eget nunc donec quis orci eget orci;ACT;93;2;system;2016-02-16 11:21:49;;2016-05-13 23:48:01;false
38;Violet;vestibulum ante ipsum primis in faucibus orci luctus et ultrices;ACT;36;1;system;2016-10-20 15:17:17;;2016-10-31 03:41:22;false
39;Maroon;maecenas tristique est et tempus semper est quam pharetra magna ac consequat metus;ACT;77;2;system;2016-08-05 06:38:43;;2016-04-17 19:18:00;false
40;Aquamarine;odio curabitur convallis duis consequat dui nec nisi volutpat eleifend donec ut dolor morbi vel lectus;ACT;51;1;system;2016-10-19 11:54:13;;2016-07-25 16:02:38;false
41;Maroon;pellentesque ultrices mattis odio donec vitae nisi nam ultrices libero non mattis pulvinar nulla pede ullamcorper augue a;ACT;100;9;system;2016-08-16 04:50:43;;2016-05-10 10:49:33;false
42;Puce;elit proin interdum mauris non ligula pellentesque ultrices phasellus id sapien in sapien;ACT;50;4;system;2016-11-16 15:38:17;;2016-07-28 22:18:05;false
43;Blue;leo maecenas pulvinar lobortis est phasellus sit amet erat nulla tempus vivamus in felis;ACT;75;3;system;2016-01-28 16:09:03;;2016-10-07 06:54:07;false
44;Indigo;primis in faucibus orci luctus et ultrices posuere cubilia curae nulla dapibus dolor vel est donec odio;ACT;68;5;system;2016-06-26 14:25:47;;2016-04-12 11:26:46;false
45;Turquoise;aliquam convallis nunc proin at turpis a pede posuere nonummy integer non velit donec;ACT;94;2;system;2016-10-12 18:50:22;;2016-12-21 21:46:52;false
46;Blue;proin leo odio porttitor id consequat in consequat ut nulla sed accumsan;ACT;9;2;system;2016-09-22 20:33:17;;2016-04-25 13:20:02;false
47;Mauv;semper porta volutpat quam pede lobortis ligula sit amet eleifend;ACT;95;2;system;2016-12-24 06:28:36;;2016-05-19 12:00:14;false
48;Fuscia;curabitur convallis duis consequat dui nec nisi volutpat eleifend donec ut dolor morbi vel lectus in quam fringilla;ACT;79;7;system;2016-07-02 20:54:38;;2016-01-05 05:18:10;false
49;Fuscia;et eros vestibulum ac est lacinia nisi venenatis tristique fusce;ACT;63;8;system;2016-01-15 02:20:40;;2016-07-30 15:11:34;false
50;Aquamarine;id turpis integer aliquet massa id lobortis convallis tortor risus dapibus;ACT;78;8;system;2016-01-26 04:36:25;;2016-04-30 14:18:45;false
51;Aquamarine;accumsan felis ut at dolor quis odio consequat varius integer;ACT;43;6;system;2016-05-27 04:25:17;;2016-05-26 06:04:30;false
52;Green;ac diam cras pellentesque volutpat dui maecenas tristique est et tempus semper est quam pharetra magna ac consequat;ACT;92;7;system;2016-12-09 07:50:44;;2016-04-18 00:42:21;false
53;Maroon;molestie sed justo pellentesque viverra pede ac diam cras pellentesque volutpat dui maecenas tristique est et tempus semper est;ACT;16;3;system;2016-12-08 05:42:59;;2016-06-23 04:54:44;false
54;Puce;neque sapien placerat ante nulla justo aliquam quis turpis eget elit sodales;ACT;2;7;system;2016-03-02 14:21:50;;2016-01-12 20:25:00;false
55;Orange;convallis tortor risus dapibus augue vel accumsan tellus nisi eu orci mauris lacinia sapien quis libero nullam;ACT;65;9;system;2016-06-12 03:54:40;;2016-05-28 08:42:47;false
56;Purple;massa volutpat convallis morbi odio odio elementum eu interdum eu tincidunt in leo maecenas pulvinar lobortis est;ACT;91;1;system;2016-02-04 13:55:46;;2016-11-28 08:26:07;false
57;Green;luctus et ultrices posuere cubilia curae duis faucibus accumsan odio curabitur convallis duis consequat dui nec nisi volutpat;ACT;48;1;system;2016-11-24 03:22:10;;2016-12-09 08:34:43;false
58;Red;in imperdiet et commodo vulputate justo in blandit ultrices enim lorem ipsum dolor sit amet consectetuer adipiscing elit proin;ACT;62;1;system;2016-09-20 04:38:22;;2016-11-09 13:51:01;false
59;Fuscia;luctus nec molestie sed justo pellentesque viverra pede ac diam;ACT;85;4;system;2016-11-27 20:08:42;;2016-08-26 09:41:56;false
60;Goldenrod;in imperdiet et commodo vulputate justo in blandit ultrices enim lorem ipsum dolor sit amet consectetuer;ACT;37;6;system;2016-08-20 16:50:55;;2016-03-19 19:44:44;false
61;Green;donec dapibus duis at velit eu est congue elementum in hac habitasse platea dictumst morbi vestibulum velit id pretium;ACT;82;6;system;2016-03-10 07:40:22;;2016-06-04 21:44:38;false
62;Khaki;porttitor lacus at turpis donec posuere metus vitae ipsum aliquam;ACT;16;3;system;2016-02-23 14:36:25;;2016-06-09 00:22:57;false
63;Crimson;duis bibendum felis sed interdum venenatis turpis enim blandit mi in porttitor pede justo eu massa donec dapibus duis;ACT;29;2;system;2016-12-23 19:21:13;;2016-10-15 07:41:29;false
64;Red;et ultrices posuere cubilia curae donec pharetra magna vestibulum aliquet ultrices;ACT;73;3;system;2016-05-20 23:47:09;;2016-05-12 09:04:18;false
65;Fuscia;in purus eu magna vulputate luctus cum sociis natoque penatibus;ACT;12;9;system;2016-09-24 22:47:25;;2016-09-07 19:54:25;false
66;Mauv;in faucibus orci luctus et ultrices posuere cubilia curae donec pharetra magna vestibulum aliquet ultrices erat tortor;ACT;39;6;system;2016-08-08 12:41:55;;2016-10-07 13:37:33;false
67;Orange;porttitor pede justo eu massa donec dapibus duis at velit eu est congue elementum in hac habitasse platea;ACT;18;5;system;2016-01-28 00:05:02;;2016-03-23 09:09:29;false
68;Turquoise;et tempus semper est quam pharetra magna ac consequat metus sapien ut nunc vestibulum ante ipsum primis;ACT;25;4;system;2016-08-27 01:20:02;;2016-07-02 09:41:38;false
69;Violet;ipsum primis in faucibus orci luctus et ultrices posuere cubilia curae donec pharetra magna vestibulum aliquet ultrices;ACT;98;5;system;2016-06-06 06:32:11;;2016-09-12 07:05:44;false
70;Crimson;non velit donec diam neque vestibulum eget vulputate ut ultrices;ACT;31;7;system;2016-10-17 16:54:12;;2016-05-02 05:30:53;false
71;Aquamarine;nulla sed vel enim sit amet nunc viverra dapibus nulla suscipit ligula in lacus curabitur at ipsum ac tellus;ACT;46;3;system;2016-08-05 10:52:35;;2016-11-30 23:47:38;false
72;Purple;blandit mi in porttitor pede justo eu massa donec dapibus duis at velit;ACT;80;7;system;2016-08-26 09:23:12;;2016-08-09 21:27:12;false
73;Indigo;integer non velit donec diam neque vestibulum eget vulputate ut ultrices vel augue vestibulum;ACT;93;8;system;2016-01-31 04:58:49;;2016-02-16 01:12:25;false
74;Violet;odio justo sollicitudin ut suscipit a feugiat et eros vestibulum ac est;ACT;70;4;system;2016-03-30 03:00:45;;2016-03-18 09:39:28;false
75;Goldenrod;in porttitor pede justo eu massa donec dapibus duis at velit eu est;ACT;46;8;system;2016-08-12 11:36:37;;2016-09-28 13:26:52;false
76;Purple;cras non velit nec nisi vulputate nonummy maecenas tincidunt lacus at velit vivamus vel nulla eget eros elementum pellentesque quisque;ACT;9;8;system;2016-07-08 05:19:56;;2016-05-09 08:48:11;false
77;Khaki;in hac habitasse platea dictumst morbi vestibulum velit id pretium iaculis diam erat fermentum justo;ACT;13;3;system;2016-11-11 09:37:03;;2016-12-27 04:54:48;false
78;Violet;donec pharetra magna vestibulum aliquet ultrices erat tortor sollicitudin mi;ACT;54;1;system;2016-08-04 20:10:07;;2016-04-19 01:21:40;false
79;Goldenrod;ut erat curabitur gravida nisi at nibh in hac habitasse platea dictumst aliquam augue quam sollicitudin vitae consectetuer eget rutrum;ACT;3;9;system;2016-03-03 02:50:14;;2016-05-15 12:28:34;false
80;Puce;etiam vel augue vestibulum rutrum rutrum neque aenean auctor gravida sem praesent id massa id nisl venenatis lacinia aenean;ACT;58;9;system;2016-05-07 23:39:38;;2016-07-23 04:54:00;false
81;Green;cras pellentesque volutpat dui maecenas tristique est et tempus semper est quam pharetra magna ac consequat metus sapien ut;ACT;45;4;system;2016-10-05 07:17:59;;2016-02-15 15:06:32;false
82;Aquamarine;nascetur ridiculus mus etiam vel augue vestibulum rutrum rutrum neque aenean;ACT;92;4;system;2016-08-16 07:17:34;;2016-05-25 22:05:30;false
83;Purple;volutpat convallis morbi odio odio elementum eu interdum eu tincidunt in leo maecenas pulvinar lobortis est phasellus sit;ACT;15;3;system;2016-10-11 16:02:33;;2016-04-25 01:39:10;false
84;Green;sapien placerat ante nulla justo aliquam quis turpis eget elit sodales scelerisque mauris sit;ACT;11;1;system;2016-10-25 04:07:39;;2016-01-16 08:01:19;false
85;Crimson;ligula vehicula consequat morbi a ipsum integer a nibh in quis justo maecenas rhoncus aliquam lacus morbi quis;ACT;40;1;system;2016-07-15 03:39:25;;2016-01-17 07:47:49;false
86;Goldenrod;nisl nunc rhoncus dui vel sem sed sagittis nam congue risus semper porta;ACT;50;2;system;2016-09-03 22:22:45;;2016-09-01 19:33:34;false
87;Khaki;maecenas pulvinar lobortis est phasellus sit amet erat nulla tempus vivamus in felis;ACT;67;5;system;2016-02-09 02:48:08;;2016-05-16 21:48:27;false
88;Mauv;bibendum morbi non quam nec dui luctus rutrum nulla tellus in;ACT;91;10;system;2016-12-05 20:28:39;;2016-02-10 21:10:14;false
89;Goldenrod;nulla facilisi cras non velit nec nisi vulputate nonummy maecenas tincidunt lacus at;ACT;64;4;system;2016-07-31 00:25:12;;2016-03-06 17:38:47;false
90;Crimson;pretium iaculis diam erat fermentum justo nec condimentum neque sapien placerat ante nulla justo aliquam quis turpis eget elit sodales;ACT;96;4;system;2016-01-28 21:26:32;;2016-04-06 17:17:22;false
91;Pink;sed accumsan felis ut at dolor quis odio consequat varius integer ac leo pellentesque ultrices mattis odio donec vitae nisi;ACT;44;3;system;2016-08-12 08:46:52;;2016-01-24 22:53:44;false
92;Green;curabitur in libero ut massa volutpat convallis morbi odio odio elementum eu;ACT;80;1;system;2016-02-20 16:47:53;;2016-04-12 23:31:29;false
93;Aquamarine;dolor morbi vel lectus in quam fringilla rhoncus mauris enim leo rhoncus;ACT;6;7;system;2016-06-02 23:29:17;;2016-02-11 23:34:01;false
94;Green;ac est lacinia nisi venenatis tristique fusce congue diam id ornare;ACT;42;8;system;2016-02-28 11:34:44;;2016-02-08 14:42:10;false
95;Puce;venenatis lacinia aenean sit amet justo morbi ut odio cras mi pede malesuada in;ACT;12;4;system;2016-02-01 18:48:27;;2016-05-06 12:42:21;false
96;Purple;habitasse platea dictumst maecenas ut massa quis augue luctus tincidunt nulla mollis molestie lorem quisque ut;ACT;83;2;system;2016-01-10 15:45:29;;2016-12-11 22:38:05;false
97;Red;eu sapien cursus vestibulum proin eu mi nulla ac enim in tempor turpis nec euismod scelerisque quam turpis adipiscing;ACT;7;3;system;2016-04-27 00:15:24;;2016-02-21 08:39:52;false
98;Crimson;accumsan odio curabitur convallis duis consequat dui nec nisi volutpat eleifend donec ut dolor morbi vel lectus in;ACT;45;7;system;2016-04-11 17:26:05;;2016-07-21 02:38:17;false
99;Goldenrod;porta volutpat erat quisque erat eros viverra eget congue eget semper rutrum nulla;ACT;12;10;system;2016-04-17 08:50:59;;2016-02-22 09:50:36;false
100;Mauv;justo nec condimentum neque sapien placerat ante nulla justo aliquam quis turpis;ACT;34;10;system;2016-05-24 06:18:09;;2016-03-30 12:24:18;false
