id;name;load_manually;patient_signature_required;guarantor_signature_required;allow_attachment;allow_revocation;status;enabled;required_lab_requisitions;expires_days;only_one_perpatient;expires;content;type_form_rules_id;type_patient_process_id;laboratories_id;facility_id;created_by;created_date;last_modified_by;last_modified_date;del_status
1;Nam.avi;false;false;false;false;true;ACT;true;false;3;true;true;null;3;6;3;1;system;2017-01-14 09:45:10;null;2016-10-23 16:52:26;false
2;SollicitudinUt.ppt;true;true;false;true;false;ACT;true;true;4;false;false;null;4;1;3;9;system;2017-04-09 19:48:54;null;2016-03-06 15:46:28;false
3;AliquamConvallisNunc.xls;false;true;false;false;false;ACT;true;true;6;true;true;null;1;1;3;6;system;2017-06-30 02:57:18;null;2016-08-07 02:19:39;false
4;MalesuadaIn.gif;false;false;false;false;false;ACT;false;false;6;false;false;null;1;6;1;3;system;2018-01-23 21:02:51;null;2016-11-28 12:48:02;false
5;Varius.ppt;false;true;false;false;true;ACT;true;false;6;true;false;null;2;6;2;1;system;2017-11-20 22:50:20;null;2016-05-21 15:23:38;false
6;Ligula.xls;false;true;true;true;true;ACT;true;true;2;true;false;null;3;1;3;5;system;2017-06-21 12:18:54;null;2016-09-28 17:42:56;false
7;DuisAc.avi;true;true;false;false;false;ACT;true;true;4;false;true;null;4;1;3;6;system;2018-02-24 10:58:53;null;2017-02-19 18:23:35;false
8;FaucibusOrci.xls;true;false;true;true;true;ACT;false;true;5;true;true;null;3;5;2;9;system;2017-03-23 08:37:10;null;2017-01-18 08:37:16;false
9;CondimentumNequeSapien.ppt;true;true;false;true;true;ACT;true;false;2;true;false;null;1;4;4;2;system;2017-09-30 16:57:50;null;2016-12-09 16:55:40;false
10;DapibusAtDiam.jpeg;true;false;false;false;true;ACT;true;false;4;true;true;null;1;1;4;6;system;2018-02-02 19:36:21;null;2016-07-01 10:51:48;false
11;EratFermentum.jpeg;true;false;true;true;true;ACT;true;false;2;false;true;null;4;6;3;9;system;2017-07-26 03:03:06;null;2016-11-05 14:46:02;false
12;Cras.avi;false;true;false;false;false;ACT;false;false;6;false;true;null;3;1;4;3;system;2017-05-30 07:46:25;null;2016-03-24 13:55:10;false
13;VivamusTortorDuis.gif;true;true;true;false;true;ACT;false;false;1;false;true;null;4;6;3;1;system;2017-11-14 19:16:08;null;2016-09-20 16:07:24;false
14;UltricesPosuere.jpeg;false;false;true;false;false;ACT;false;true;1;false;false;null;1;3;3;2;system;2017-05-28 14:05:49;null;2016-04-03 12:44:00;false
15;A.mp3;true;false;false;true;false;ACT;true;true;1;true;false;null;3;1;3;3;system;2017-03-17 19:56:34;null;2016-08-01 06:48:58;false
16;Congue.avi;false;true;true;true;false;ACT;true;true;1;true;false;null;2;3;2;1;system;2018-01-11 03:51:28;null;2016-04-29 16:37:53;false
17;PrimisInFaucibus.ppt;true;true;true;true;true;ACT;true;true;2;false;true;null;3;1;1;6;system;2017-03-10 13:12:28;null;2017-02-23 07:26:46;false
18;Congue.jpeg;false;false;true;false;true;ACT;false;false;2;true;false;null;2;1;3;9;system;2017-12-20 19:56:34;null;2016-12-01 08:38:14;false
19;MetusAenean.tiff;false;false;false;false;false;ACT;false;true;6;true;false;null;3;1;3;4;system;2017-09-23 08:19:01;null;2016-12-20 20:47:45;false
20;Phasellus.mov;false;true;false;false;false;ACT;false;false;5;true;true;null;4;6;3;4;system;2017-03-22 21:22:24;null;2016-11-18 16:33:49;false
21;DonecQuisOrci.ppt;false;true;true;false;true;ACT;true;false;6;false;true;null;1;2;1;1;system;2017-07-27 00:42:31;null;2016-05-26 04:14:30;false
22;Ultrices.mpeg;false;true;false;true;true;ACT;false;false;4;false;true;null;2;1;1;1;system;2017-08-20 19:09:43;null;2016-12-27 22:43:11;false
23;VestibulumVestibulumAnte.mp3;true;false;true;false;false;ACT;false;true;1;true;false;null;2;1;3;10;system;2017-11-15 03:02:59;null;2016-05-27 15:15:22;false
24;IaculisDiamErat.mp3;true;true;true;false;false;ACT;true;true;6;false;true;null;2;6;4;10;system;2017-04-20 06:24:33;null;2016-10-31 21:46:07;false
25;Vitae.ppt;false;false;false;true;false;ACT;true;true;5;false;true;null;3;3;4;9;system;2017-02-01 21:26:27;null;2016-03-10 02:17:54;false
26;Leo.ppt;true;false;false;true;true;ACT;true;true;3;false;true;null;4;5;2;6;system;2017-12-19 19:13:01;null;2017-01-13 06:28:53;false
27;IpsumPrimisIn.jpeg;false;false;true;true;false;ACT;true;true;5;true;false;null;1;4;3;6;system;2018-01-03 07:04:51;null;2016-05-01 01:31:21;false
28;Eros.xls;false;false;true;true;true;ACT;true;true;6;true;true;null;3;6;3;6;system;2017-03-16 18:56:14;null;2016-04-09 00:57:20;false
29;AccumsanOdio.avi;true;false;true;true;true;ACT;true;false;5;false;false;null;1;6;4;2;system;2017-12-29 12:47:45;null;2016-08-17 11:11:51;false
30;VestibulumAnteIpsum.jpeg;false;true;true;true;false;ACT;true;false;6;true;true;null;1;3;4;6;system;2018-01-16 10:03:00;null;2016-03-16 10:18:27;false
31;DignissimVestibulum.ppt;true;true;false;false;false;ACT;true;true;6;false;false;null;1;6;3;1;system;2017-01-31 20:12:52;null;2016-11-23 05:49:07;false
32;Ut.avi;true;false;false;false;false;ACT;false;true;6;false;false;null;1;1;1;1;system;2017-09-21 17:56:41;null;2016-08-06 10:10:31;false
33;TinciduntLacus.mp3;true;false;false;false;true;ACT;true;true;3;false;false;null;4;4;4;6;system;2017-05-22 17:20:52;null;2016-07-24 04:29:20;false
34;EuNibhQuisque.mp3;false;false;false;false;true;ACT;true;true;6;false;false;null;3;1;2;2;system;2017-06-21 18:06:12;null;2017-02-03 09:59:39;false
35;AliquetMassa.xls;true;false;false;false;true;ACT;true;false;6;true;true;null;1;1;4;4;system;2017-03-11 21:59:46;null;2016-11-30 08:38:07;false
36;Mauris.avi;false;false;true;true;true;ACT;false;false;1;true;true;null;3;2;1;4;system;2017-06-05 23:19:29;null;2016-10-27 17:05:45;false
37;QuisOrci.avi;true;true;true;true;true;ACT;false;false;4;false;false;null;1;6;3;9;system;2018-02-14 02:19:13;null;2016-04-12 15:22:22;false
38;SemperRutrumNulla.ppt;true;false;false;false;false;ACT;false;true;5;false;false;null;1;6;2;10;system;2018-03-04 13:43:23;null;2017-01-28 16:42:51;false
39;MagnaVestibulumAliquet.mp3;false;false;false;true;true;ACT;false;false;5;true;false;null;2;4;1;5;system;2017-03-05 20:37:33;null;2016-11-15 14:43:11;false
40;Enim.jpeg;true;false;true;true;true;ACT;false;false;5;true;false;null;2;1;2;6;system;2018-02-12 09:30:02;null;2016-04-25 23:21:55;false
41;Morbi.mp3;false;true;true;true;false;ACT;false;true;3;true;false;null;2;5;2;5;system;2017-09-22 23:36:51;null;2016-12-29 03:41:24;false
42;JustoMaecenas.mp3;false;true;true;false;false;ACT;true;true;6;false;false;null;2;2;2;2;system;2017-07-12 17:43:26;null;2016-05-07 02:59:09;false
43;SitAmet.tiff;false;false;true;true;true;ACT;false;true;4;false;false;null;1;1;2;10;system;2017-03-08 16:07:01;null;2016-05-16 11:02:56;false
44;CrasPellentesqueVolutpat.gif;false;true;true;true;true;ACT;false;false;6;false;true;null;3;4;3;2;system;2017-04-16 23:24:59;null;2016-05-22 17:52:28;false
45;Adipiscing.mp3;false;false;false;true;true;ACT;false;false;1;true;false;null;3;5;3;5;system;2017-12-19 01:56:46;null;2016-06-30 11:30:55;false
46;DonecSemperSapien.tiff;false;true;false;true;false;ACT;false;false;4;true;false;null;3;3;4;1;system;2017-07-15 11:31:49;null;2016-08-06 09:30:03;false
47;Porttitor.gif;true;false;true;true;true;ACT;false;true;6;false;true;null;1;4;3;1;system;2018-01-28 16:45:32;null;2017-02-23 20:04:43;false
48;Volutpat.mov;false;true;true;false;true;ACT;false;true;4;true;false;null;1;6;1;3;system;2017-03-12 03:53:24;null;2016-08-11 16:16:59;false
49;UtUltrices.ppt;true;false;true;true;false;ACT;false;true;3;false;true;null;4;1;1;1;system;2017-11-17 00:31:24;null;2016-05-01 12:07:38;false
50;PosuereCubilia.mp3;true;true;false;true;false;ACT;false;true;1;false;false;null;2;1;3;1;system;2017-07-02 23:31:46;null;2016-12-30 18:53:51;false
51;Vestibulum.png;true;false;true;true;true;ACT;false;false;3;true;true;null;4;6;4;1;system;2017-01-30 17:21:39;null;2016-06-25 20:45:24;false
52;NonMi.tiff;false;false;true;false;true;ACT;true;false;3;false;true;null;3;6;3;3;system;2017-10-23 03:18:59;null;2016-08-26 07:28:29;false
53;Integer.ppt;false;true;true;true;true;ACT;false;false;5;true;false;null;1;5;4;9;system;2017-02-22 06:34:19;null;2016-05-31 23:35:54;false
54;EtUltrices.tiff;false;false;true;true;true;ACT;false;false;5;true;true;null;1;1;3;1;system;2018-01-17 18:08:08;null;2016-07-05 07:48:25;false
55;IaculisJusto.xls;false;false;false;true;false;ACT;false;true;5;true;true;null;2;4;4;1;system;2017-09-17 11:53:04;null;2017-02-08 10:52:38;false
56;VelSemSed.txt;false;false;true;false;false;ACT;false;true;6;false;false;null;1;6;1;3;system;2017-08-24 23:43:56;null;2016-05-05 12:45:58;false
57;Imperdiet.mp3;false;false;true;true;true;ACT;false;true;3;false;true;null;1;6;1;1;system;2018-01-17 16:20:27;null;2016-09-08 23:19:59;false
58;LuctusNecMolestie.ppt;false;false;true;true;false;ACT;false;false;6;false;false;null;2;4;4;6;system;2017-03-25 15:20:00;null;2016-12-29 03:00:50;false
59;RhoncusMauris.txt;false;false;false;true;true;ACT;true;true;2;false;true;null;3;6;3;2;system;2017-12-10 21:25:02;null;2017-02-02 01:08:23;false
60;Leo.xls;true;false;false;true;false;ACT;true;true;2;true;false;null;4;3;3;1;system;2017-05-26 12:49:22;null;2016-12-20 10:18:22;false
61;EtUltricesPosuere.ppt;true;false;true;true;true;ACT;true;true;1;false;true;null;4;1;1;1;system;2017-08-08 22:01:40;null;2016-06-01 09:07:35;false
62;Turpis.gif;false;false;true;true;false;ACT;true;true;6;false;true;null;2;1;3;2;system;2017-06-16 05:07:54;null;2017-01-07 16:47:43;false
63;Tristique.xls;false;true;false;false;false;ACT;false;false;3;false;false;null;4;1;2;6;system;2017-02-13 15:00:09;null;2016-08-15 01:47:00;false
64;Nibh.avi;true;true;false;true;true;ACT;false;false;3;false;false;null;2;6;1;3;system;2017-07-22 01:47:43;null;2016-06-23 13:02:49;false
65;ImperdietSapien.mp3;true;true;true;true;false;ACT;false;false;5;false;false;null;3;6;3;6;system;2017-01-23 00:39:54;null;2016-12-11 07:37:20;false
66;IpsumPrimisIn.mpeg;true;false;false;true;true;ACT;true;false;6;false;true;null;4;5;3;6;system;2017-05-17 23:25:36;null;2016-07-21 17:49:34;false
67;InTemporTurpis.mp3;true;true;false;false;true;ACT;false;true;3;true;true;null;4;1;1;3;system;2018-01-24 19:09:03;null;2016-07-02 01:02:21;false
68;NibhFusce.mp3;false;true;false;false;false;ACT;false;false;6;false;true;null;1;3;3;3;system;2017-02-12 23:21:13;null;2016-11-23 14:43:53;false
69;Montes.ppt;false;true;true;false;false;ACT;false;false;3;true;false;null;4;6;3;5;system;2017-04-17 07:56:35;null;2017-02-19 20:09:51;false
70;AnteVel.mp3;false;false;true;true;false;ACT;false;true;4;true;true;null;3;6;3;6;system;2017-09-06 08:38:37;null;2016-12-28 06:25:13;false
71;LectusPellentesqueAt.ppt;false;true;true;true;true;ACT;false;true;1;true;true;null;2;2;1;2;system;2017-02-16 19:01:07;null;2016-04-24 07:50:57;false
72;TinciduntLacusAt.jpeg;true;false;true;false;false;ACT;false;false;5;true;false;null;1;3;4;9;system;2017-05-04 15:31:34;null;2016-04-08 15:04:57;false
73;Nullam.mov;true;false;false;true;true;ACT;true;false;5;false;false;null;4;2;3;2;system;2017-10-14 13:35:21;null;2017-02-22 21:20:07;false
74;MolestieSedJusto.mp3;true;true;false;true;true;ACT;false;false;6;true;true;null;3;1;4;4;system;2017-12-27 11:58:13;null;2016-12-30 06:57:19;false
75;SuspendissePotentiNullam.xls;true;false;true;true;true;ACT;false;false;3;true;false;null;1;1;3;6;system;2017-02-26 18:44:45;null;2017-01-18 15:26:44;false
76;MusVivamusVestibulum.ppt;true;true;true;true;true;ACT;false;false;5;false;true;null;3;6;4;2;system;2017-09-11 00:50:02;null;2016-09-25 12:13:47;false
77;EstLacinia.mp3;true;true;false;false;true;ACT;false;false;3;false;false;null;4;5;1;9;system;2017-09-15 10:09:21;null;2016-11-23 04:47:05;false
78;Vitae.mp3;true;true;false;false;false;ACT;true;true;4;true;true;null;4;6;1;5;system;2017-02-07 05:58:05;null;2016-12-28 21:50:29;false
79;LobortisSapienSapien.mp3;true;true;false;false;false;ACT;false;true;6;false;true;null;1;2;3;1;system;2017-06-26 01:26:25;null;2017-02-19 08:13:43;false
80;SedLacus.jpeg;false;false;false;false;false;ACT;true;false;3;false;false;null;3;2;3;2;system;2017-01-27 19:13:50;null;2016-04-13 00:30:36;false
81;Morbi.xls;false;false;true;false;false;ACT;false;false;3;false;true;null;1;6;4;3;system;2018-01-14 13:05:02;null;2016-06-01 01:02:58;false
82;Sit.txt;true;false;true;true;false;ACT;false;true;2;false;true;null;4;5;2;1;system;2017-12-13 13:16:02;null;2017-01-29 23:10:08;false
83;Turpis.tiff;false;true;false;true;false;ACT;true;false;5;true;false;null;1;4;1;4;system;2017-02-05 08:14:50;null;2016-06-04 23:43:54;false
84;Diam.pdf;true;false;true;true;true;ACT;false;false;1;false;true;null;1;3;1;6;system;2017-09-17 03:34:50;null;2017-02-15 07:54:59;false
85;ALiberoNam.xls;true;false;true;false;false;ACT;false;false;3;false;false;null;4;3;2;10;system;2017-09-29 00:52:30;null;2016-12-22 05:49:37;false
86;AFeugiat.jpeg;false;false;true;true;false;ACT;false;true;4;false;true;null;4;1;1;3;system;2017-11-25 15:50:47;null;2016-03-19 12:03:24;false
87;EratErosViverra.xls;true;true;false;false;true;ACT;true;true;1;false;false;null;3;6;2;1;system;2017-11-23 18:05:26;null;2016-12-12 20:24:44;false
88;Cubilia.gif;true;false;true;false;false;ACT;false;false;1;false;false;null;4;3;2;4;system;2017-11-21 17:15:48;null;2016-03-09 17:28:05;false
89;PedeUllamcorper.ppt;false;true;false;true;true;ACT;true;true;6;true;false;null;3;1;1;3;system;2018-02-04 16:56:21;null;2016-07-07 20:08:14;false
90;SollicitudinMiSit.txt;true;true;true;false;true;ACT;false;false;4;true;true;null;3;4;4;2;system;2017-04-12 00:21:08;null;2016-03-24 04:47:21;false
91;QuamSuspendissePotenti.jpeg;true;false;false;true;false;ACT;false;true;2;true;true;null;1;1;4;6;system;2018-02-13 16:22:10;null;2016-07-27 23:14:28;false
92;ConvallisTortor.tiff;true;false;true;false;false;ACT;false;true;2;false;true;null;4;4;2;4;system;2017-08-22 12:29:19;null;2016-12-21 07:18:40;false
93;IntegerTinciduntAnte.doc;false;false;true;false;true;ACT;true;true;3;false;true;null;3;2;4;5;system;2017-08-22 17:32:05;null;2016-07-13 01:44:41;false
94;Arcu.ppt;true;false;false;true;true;ACT;false;false;6;false;false;null;4;6;3;1;system;2017-02-01 08:38:04;null;2017-01-20 08:39:01;false
95;Nam.mp3;true;true;false;true;false;ACT;false;false;2;true;false;null;3;1;2;9;system;2017-05-31 20:50:04;null;2016-09-28 14:34:51;false
96;Tellus.tiff;true;true;false;true;true;ACT;false;true;6;true;false;null;2;6;1;10;system;2018-02-28 11:17:10;null;2016-10-11 19:58:30;false
97;EstEtTempus.txt;true;false;false;false;false;ACT;true;true;4;true;false;null;4;5;1;2;system;2017-10-12 16:20:37;null;2016-06-13 18:06:24;false
98;OdioCurabiturConvallis.doc;true;false;false;false;true;ACT;true;false;5;false;false;null;2;3;1;3;system;2017-05-13 12:29:13;null;2016-08-24 16:58:01;false
99;CrasMiPede.avi;false;true;false;false;false;ACT;true;true;4;false;true;null;3;4;3;1;system;2017-05-01 18:17:41;null;2016-07-25 19:55:45;false
100;SitAmet.avi;false;false;false;false;true;ACT;false;false;4;false;true;null;1;4;3;6;system;2017-12-13 23:41:17;null;2016-04-04 15:43:10;false
101;Porta.mp3;false;false;false;true;false;ACT;true;false;6;false;true;null;3;6;4;1;system;2017-08-21 17:49:20;null;2016-10-08 04:50:36;false
102;Magna.txt;true;true;true;true;true;ACT;false;true;1;true;true;null;1;2;1;1;system;2017-07-25 17:00:27;null;2017-01-19 00:48:10;false
103;QuisTurpis.tiff;false;false;false;true;false;ACT;false;true;5;false;true;null;2;2;2;6;system;2018-02-27 11:28:00;null;2016-06-30 20:38:25;false
104;HendreritAtVulputate.png;true;false;true;true;true;ACT;true;false;4;true;true;null;4;1;2;2;system;2017-08-09 03:54:51;null;2016-12-13 11:52:06;false
105;HabitassePlatea.jpeg;true;true;true;false;true;ACT;true;false;1;true;false;null;4;1;1;9;system;2017-01-15 12:14:06;null;2017-01-28 02:51:31;false
106;MorbiOdioOdio.xls;true;false;true;false;false;ACT;false;false;2;true;false;null;4;6;1;2;system;2018-01-10 13:01:40;null;2016-04-28 00:43:22;false
107;DiamInMagna.txt;true;false;true;true;false;ACT;false;false;6;false;false;null;1;3;1;2;system;2018-01-11 05:56:31;null;2016-11-26 18:15:43;false
108;LobortisSapienSapien.mp3;true;true;true;false;true;ACT;true;false;5;false;false;null;4;6;3;5;system;2017-12-01 09:58:58;null;2017-01-17 01:26:46;false
109;InAnte.jpeg;false;true;false;false;false;ACT;true;false;5;true;false;null;4;6;2;2;system;2017-03-21 19:36:34;null;2016-06-16 05:03:27;false
110;LuctusTinciduntNulla.ppt;false;false;false;false;true;ACT;true;false;3;false;true;null;3;6;1;1;system;2017-01-09 12:10:58;null;2016-05-09 10:43:51;false
111;ProinRisusPraesent.avi;false;false;false;true;true;ACT;true;true;4;true;true;null;2;4;1;5;system;2018-02-14 04:50:41;null;2016-05-05 23:51:22;false
112;Libero.mov;true;true;true;true;true;ACT;false;true;1;true;true;null;2;4;1;1;system;2017-05-24 16:18:04;null;2016-04-12 17:09:48;false
113;ElementumNullam.xls;true;false;false;false;true;ACT;true;true;4;true;false;null;2;1;1;10;system;2018-01-06 06:06:53;null;2016-09-01 03:17:21;false
114;Luctus.ppt;true;true;true;true;true;ACT;true;true;4;true;true;null;2;6;3;6;system;2017-01-08 14:53:42;null;2016-12-19 04:43:14;false
115;Nulla.mp3;false;false;false;false;true;ACT;true;true;6;true;false;null;2;1;3;9;system;2017-05-22 06:38:54;null;2016-12-29 09:57:47;false
116;OrciLuctus.avi;true;true;false;false;false;ACT;false;true;6;true;true;null;4;3;3;4;system;2018-01-03 06:17:36;null;2016-09-06 00:24:53;false
117;TellusIn.txt;false;true;false;true;false;ACT;true;true;5;false;false;null;4;3;1;4;system;2017-08-26 07:45:12;null;2017-03-02 04:23:08;false
118;PellentesqueViverraPede.ppt;false;false;false;true;false;ACT;true;true;6;true;false;null;1;5;1;10;system;2017-04-04 04:40:06;null;2016-07-07 02:12:19;false
119;SitAmetConsectetuer.mov;false;true;false;true;false;ACT;true;true;6;false;true;null;4;6;1;6;system;2017-05-09 09:51:29;null;2016-05-23 08:27:12;false
120;IntegerTincidunt.mp3;true;false;true;true;false;ACT;true;false;6;false;true;null;2;4;1;2;system;2017-04-12 03:47:13;null;2016-06-02 04:30:46;false
121;Purus.ppt;false;false;true;true;false;ACT;false;false;4;true;false;null;3;1;3;6;system;2017-03-16 07:42:50;null;2016-03-31 11:05:14;false
122;PedeJustoEu.xls;true;false;false;true;true;ACT;true;false;6;true;false;null;1;1;1;10;system;2017-06-10 02:38:43;null;2017-01-12 22:28:42;false
123;NullamPorttitorLacus.ppt;false;true;true;false;false;ACT;true;true;6;false;false;null;4;6;3;2;system;2017-03-15 13:45:40;null;2016-05-07 12:26:09;false
124;NamUltrices.doc;true;false;false;true;true;ACT;false;true;6;false;false;null;1;1;3;10;system;2017-11-30 22:41:07;null;2016-11-03 19:25:34;false
125;InFaucibus.avi;true;true;false;false;true;ACT;false;false;4;false;true;null;3;1;1;2;system;2018-01-21 15:02:17;null;2017-01-05 04:16:49;false
126;InFaucibusOrci.png;false;true;true;true;false;ACT;false;true;2;true;true;null;2;1;4;1;system;2017-06-05 03:58:53;null;2016-07-31 22:03:30;false
127;PosuereCubiliaCurae.tiff;true;false;false;true;false;ACT;false;false;5;true;true;null;2;6;1;1;system;2017-01-28 15:19:31;null;2016-05-19 19:10:27;false
128;Massa.avi;false;true;false;false;true;ACT;false;false;4;true;false;null;2;4;4;3;system;2017-10-19 07:02:23;null;2016-07-31 23:07:03;false
129;Lacinia.jpeg;false;true;false;false;false;ACT;false;true;4;false;true;null;1;3;3;10;system;2017-04-13 18:47:01;null;2016-04-09 10:50:25;false
130;TurpisIntegerAliquet.mp3;false;true;false;false;true;ACT;true;true;2;false;false;null;2;1;2;10;system;2017-11-08 05:19:05;null;2016-09-12 00:02:10;false
131;EtUltricesPosuere.avi;false;true;false;false;false;ACT;false;true;1;true;false;null;4;6;1;10;system;2017-12-30 03:40:59;null;2016-10-27 21:17:05;false
132;LigulaNec.avi;true;true;true;true;false;ACT;false;false;3;true;true;null;2;6;1;3;system;2018-01-09 05:33:33;null;2016-04-01 20:09:21;false
133;EtEros.tiff;true;true;true;true;true;ACT;true;true;5;true;true;null;1;2;2;1;system;2017-04-11 20:22:43;null;2016-06-18 12:12:59;false
134;LigulaSuspendisse.mp3;true;false;false;false;false;ACT;false;false;6;true;false;null;1;5;4;2;system;2017-08-18 16:45:09;null;2016-07-09 22:06:52;false
135;Augue.ppt;true;true;true;true;false;ACT;true;true;4;true;false;null;2;6;4;4;system;2017-09-07 01:42:30;null;2016-08-08 20:52:20;false
136;Velit.mpeg;true;false;false;true;false;ACT;true;true;6;true;false;null;2;6;1;1;system;2017-10-19 16:58:45;null;2016-11-01 16:44:42;false
137;QuisOrciNullam.ppt;false;true;false;false;true;ACT;true;false;6;false;true;null;3;1;2;1;system;2017-05-11 12:45:20;null;2017-02-13 03:46:16;false
138;NullaMollis.jpeg;true;true;true;true;false;ACT;false;true;4;false;false;null;4;1;4;6;system;2017-08-24 08:54:43;null;2016-12-07 04:54:49;false
139;Pellentesque.jpeg;false;true;false;false;true;ACT;false;true;3;true;true;null;4;6;4;4;system;2017-12-10 06:57:08;null;2016-10-09 00:26:33;false
140;Consequat.xls;false;true;false;false;true;ACT;false;true;4;true;true;null;2;3;2;6;system;2017-10-06 04:08:58;null;2016-04-30 04:32:49;false
141;QuisOdio.ppt;true;false;true;true;true;ACT;true;true;2;false;false;null;2;6;2;1;system;2017-12-16 06:55:26;null;2016-09-26 20:20:35;false
142;VenenatisNon.ppt;false;true;false;true;true;ACT;true;true;3;false;false;null;4;5;1;5;system;2017-03-12 08:46:32;null;2016-06-07 04:46:03;false
143;RutrumAc.xls;true;true;true;false;true;ACT;true;true;2;true;false;null;4;5;4;2;system;2018-01-08 09:21:55;null;2016-08-02 13:19:55;false
144;FaucibusOrci.ppt;true;true;false;false;false;ACT;true;false;1;true;false;null;2;1;2;6;system;2017-09-18 13:02:30;null;2016-11-04 01:50:54;false
145;HacHabitasse.tiff;false;false;true;true;false;ACT;false;true;2;true;false;null;2;2;4;6;system;2017-08-18 13:39:55;null;2017-01-20 05:02:43;false
146;SapienIaculis.pdf;true;false;true;true;true;ACT;true;true;4;false;false;null;1;4;2;2;system;2017-09-12 21:16:59;null;2017-02-09 00:07:10;false
147;Ligula.ppt;true;true;false;false;true;ACT;true;false;2;false;true;null;2;5;3;1;system;2017-02-28 09:35:05;null;2016-11-22 00:35:40;false
148;Duis.ppt;true;true;true;true;false;ACT;false;false;5;true;true;null;1;6;3;1;system;2017-02-12 00:35:48;null;2016-07-16 16:08:31;false
149;Lobortis.xls;true;false;false;true;false;ACT;false;true;1;true;false;null;1;1;4;1;system;2017-11-17 11:53:42;null;2016-06-19 13:44:54;false
150;Luctus.tiff;true;false;true;false;false;ACT;false;false;1;true;false;null;2;3;4;1;system;2017-07-22 01:46:43;null;2016-08-11 23:02:33;false
151;SapienQuisLibero.tiff;false;false;true;true;true;ACT;false;true;6;false;true;null;4;5;1;9;system;2017-11-12 07:43:01;null;2016-08-07 06:11:23;false
152;LaciniaSapien.tiff;true;false;false;false;true;ACT;false;true;4;false;true;null;1;6;3;2;system;2017-06-20 11:18:17;null;2016-07-08 19:11:07;false
153;ErosVestibulum.avi;true;true;true;false;true;ACT;true;false;4;false;false;null;2;3;1;6;system;2018-03-03 02:47:22;null;2017-02-16 16:46:46;false
154;FusceConsequatNulla.xls;true;true;false;false;false;ACT;true;true;1;true;true;null;4;4;2;1;system;2018-01-19 04:00:52;null;2017-02-09 04:43:45;false
155;SedSagittisNam.xls;false;true;true;false;false;ACT;false;false;6;true;true;null;2;1;1;6;system;2017-10-25 10:52:01;null;2016-06-20 07:50:20;false
156;ConvallisNulla.xls;true;false;false;false;false;ACT;true;false;3;false;true;null;4;1;3;9;system;2017-11-24 09:29:32;null;2016-04-30 15:28:39;false
157;Ante.mp3;false;true;false;false;false;ACT;true;false;6;false;false;null;4;5;2;10;system;2017-03-29 14:17:44;null;2017-01-24 22:29:16;false
158;VolutpatQuam.xls;false;true;true;false;true;ACT;true;false;6;true;false;null;3;5;1;6;system;2017-02-17 02:01:48;null;2017-01-06 16:37:19;false
159;EratNullaTempus.gif;true;false;false;true;true;ACT;true;true;1;true;true;null;1;1;3;3;system;2017-10-06 05:22:05;null;2016-09-30 18:01:59;false
160;QuamSuspendissePotenti.mp3;true;true;true;false;false;ACT;false;true;2;true;false;null;4;1;3;6;system;2017-04-11 22:34:29;null;2016-10-14 11:35:32;false
161;ScelerisqueQuamTurpis.jpeg;true;true;true;true;false;ACT;false;true;1;false;false;null;4;5;3;4;system;2018-01-15 22:20:45;null;2016-08-04 01:32:27;false
162;Cursus.ppt;true;false;false;false;false;ACT;true;false;5;true;false;null;1;2;3;9;system;2017-07-29 07:53:15;null;2017-01-28 18:07:11;false
163;PorttitorId.jpeg;false;false;false;false;false;ACT;true;false;3;false;false;null;2;5;4;10;system;2018-01-16 11:15:38;null;2016-03-23 19:11:39;false
164;NonummyMaecenasTincidunt.mov;false;true;true;false;true;ACT;true;false;2;true;true;null;3;6;1;6;system;2017-05-15 14:40:39;null;2016-06-20 18:48:28;false
165;CurabiturIn.ppt;true;false;false;true;false;ACT;false;true;1;false;true;null;4;5;4;2;system;2017-09-14 03:45:13;null;2016-07-19 03:45:05;false
166;FermentumJustoNec.mp3;true;true;true;true;false;ACT;true;false;6;false;false;null;4;5;3;3;system;2017-10-24 08:32:51;null;2017-01-01 19:36:07;false
167;AtNuncCommodo.mp3;true;false;false;true;true;ACT;false;false;6;true;true;null;2;6;2;5;system;2017-03-07 01:55:41;null;2016-09-17 12:53:24;false
168;VariusUt.png;false;false;false;true;true;ACT;false;false;2;false;true;null;1;4;3;6;system;2017-06-09 11:29:50;null;2016-08-06 05:30:30;false
169;Ac.ppt;true;false;false;true;true;ACT;false;true;6;false;true;null;3;6;3;9;system;2017-07-03 13:09:19;null;2016-03-06 05:09:29;false
170;GravidaSem.doc;false;false;true;false;true;ACT;false;false;5;false;false;null;1;1;1;3;system;2017-08-17 02:05:43;null;2016-07-23 20:09:47;false
171;NequeLiberoConvallis.ppt;false;false;false;true;true;ACT;true;true;5;true;false;null;3;3;4;1;system;2017-12-25 08:39:28;null;2017-01-23 18:40:13;false
172;Vestibulum.txt;false;false;true;true;true;ACT;false;false;4;true;false;null;4;1;2;6;system;2017-12-16 20:16:39;null;2016-12-25 06:43:49;false
173;FaucibusOrciLuctus.ppt;false;false;true;false;false;ACT;false;true;4;true;false;null;3;6;3;3;system;2018-01-16 21:32:28;null;2016-09-21 13:56:53;false
174;Duis.jpeg;false;true;true;false;false;ACT;true;false;6;true;true;null;2;6;2;4;system;2017-04-10 10:21:26;null;2016-11-27 06:24:35;false
175;VelEst.avi;false;true;false;true;false;ACT;false;false;6;true;true;null;2;6;1;3;system;2017-03-15 11:43:56;null;2016-09-03 05:30:43;false
176;ElementumNullamVarius.mov;true;true;false;false;true;ACT;true;true;4;false;false;null;1;6;3;9;system;2017-08-16 18:23:33;null;2016-12-23 03:49:32;false
177;Accumsan.mov;true;true;false;false;true;ACT;false;true;4;true;false;null;2;6;2;6;system;2018-02-15 02:04:27;null;2016-12-18 15:22:08;false
178;Nulla.jpeg;false;true;true;false;false;ACT;true;false;2;true;false;null;4;2;2;9;system;2017-06-11 15:34:22;null;2016-04-25 13:06:04;false
179;SapienALibero.pdf;false;true;true;true;false;ACT;true;true;6;true;true;null;1;2;3;4;system;2017-03-25 19:38:25;null;2017-02-11 16:51:12;false
180;MorbiVel.xls;false;false;false;false;true;ACT;false;false;1;true;false;null;4;4;3;5;system;2017-07-07 23:18:19;null;2016-08-02 00:51:05;false
181;CumSociis.ppt;false;true;true;true;true;ACT;true;false;3;true;true;null;2;1;1;10;system;2017-11-05 22:01:31;null;2016-10-08 12:44:22;false
182;Porttitor.ppt;true;true;true;false;true;ACT;true;false;4;false;false;null;2;6;3;1;system;2018-02-07 21:22:49;null;2016-10-20 14:33:26;false
183;Lacinia.xls;false;true;false;true;false;ACT;true;true;5;false;false;null;3;4;3;2;system;2017-05-16 09:38:51;null;2017-01-10 08:51:27;false
184;NecCondimentumNeque.mov;false;true;false;true;true;ACT;false;true;1;true;true;null;1;3;1;6;system;2017-02-25 18:54:58;null;2016-05-23 14:52:41;false
185;Luctus.xls;true;true;false;true;true;ACT;true;false;6;false;false;null;2;1;4;10;system;2017-09-18 11:23:31;null;2016-03-27 02:00:21;false
186;Duis.mov;false;false;false;true;true;ACT;true;true;4;true;true;null;3;6;1;6;system;2017-02-04 09:05:46;null;2016-11-27 23:00:37;false
187;LectusPellentesque.ppt;true;false;true;false;false;ACT;false;false;4;true;true;null;2;4;4;6;system;2017-10-06 21:44:15;null;2016-06-29 11:04:31;false
188;SagittisNamCongue.mov;true;false;true;true;false;ACT;true;true;2;true;false;null;1;1;2;6;system;2017-09-25 10:20:52;null;2016-08-02 20:07:48;false
189;QuisLibero.pdf;true;false;false;true;true;ACT;false;false;6;false;false;null;3;6;2;6;system;2017-07-05 09:41:24;null;2017-01-07 16:55:52;false
190;Tortor.avi;false;false;true;false;true;ACT;false;true;6;false;false;null;4;4;1;1;system;2017-01-09 23:05:58;null;2016-08-02 14:05:43;false
191;ElitProin.mp3;false;false;false;true;false;ACT;true;false;2;true;false;null;4;3;1;1;system;2017-04-17 20:45:11;null;2016-12-05 07:51:28;false
192;MaecenasLeo.mov;false;true;true;true;true;ACT;true;false;2;false;false;null;1;5;1;6;system;2017-03-29 15:28:27;null;2016-04-01 04:38:33;false
193;EratIdMauris.avi;true;false;true;false;false;ACT;false;true;4;false;true;null;4;5;1;2;system;2017-12-08 04:52:57;null;2016-12-24 17:42:36;false
194;AcConsequatMetus.avi;true;true;false;true;true;ACT;true;true;4;false;true;null;3;2;3;10;system;2017-02-27 09:05:58;null;2016-05-14 05:35:26;false
195;LectusVestibulumQuam.mov;false;false;false;true;true;ACT;true;true;4;true;true;null;4;6;2;1;system;2017-05-28 09:32:11;null;2016-08-13 16:01:50;false
196;BlanditNonInterdum.png;true;false;false;true;false;ACT;true;true;6;false;false;null;2;5;2;4;system;2017-06-30 04:33:10;null;2016-08-22 02:01:27;false
197;FusceConsequat.xls;true;true;true;false;false;ACT;true;false;3;false;false;null;1;3;4;9;system;2017-01-06 08:39:43;null;2016-03-13 16:34:32;false
198;PurusAliquet.pdf;true;true;true;true;true;ACT;false;true;2;false;false;null;2;4;4;6;system;2017-01-09 17:26:13;null;2017-01-27 05:37:16;false
199;MaurisVulputate.xls;false;true;true;true;false;ACT;false;false;2;true;false;null;2;4;1;1;system;2017-03-16 16:25:24;null;2016-03-30 09:00:59;false
200;Fusce.mov;false;false;true;false;true;ACT;true;false;3;false;false;null;3;3;2;1;system;2017-06-15 17:12:03;null;2016-05-08 01:57:53;false
201;EstPhasellus.mpeg;true;true;false;true;true;ACT;true;true;2;true;true;null;3;1;1;4;system;2017-04-22 19:44:03;null;2017-02-11 22:15:04;false
202;Eu.ppt;true;true;false;true;false;ACT;false;false;1;false;false;null;3;1;1;3;system;2018-01-24 12:49:13;null;2016-11-24 12:53:33;false
203;AmetTurpis.xls;true;false;false;true;false;ACT;true;true;4;false;true;null;2;3;1;2;system;2017-06-04 21:47:20;null;2016-05-30 14:23:51;false
204;Augue.pdf;true;true;true;false;true;ACT;true;true;2;true;true;null;3;2;3;4;system;2017-09-26 19:06:34;null;2016-05-06 03:38:50;false
205;Fermentum.ppt;false;true;true;false;true;ACT;false;true;3;false;false;null;1;1;3;1;system;2017-02-25 06:33:18;null;2016-04-19 18:26:50;false
206;VolutpatQuam.ppt;true;true;false;true;false;ACT;false;true;4;false;true;null;4;2;4;1;system;2018-01-22 08:58:42;null;2016-11-16 10:59:54;false
207;NecDui.gif;true;false;true;true;false;ACT;true;true;3;true;true;null;2;1;4;6;system;2017-03-30 01:51:59;null;2016-04-03 01:46:05;false
208;In.ppt;true;true;false;false;true;ACT;true;false;6;true;true;null;1;4;4;3;system;2017-10-04 05:46:31;null;2016-04-09 09:02:44;false
209;InEst.avi;false;true;true;true;true;ACT;true;true;1;true;false;null;3;4;2;4;system;2017-11-07 21:46:03;null;2017-01-29 11:12:11;false
210;JustoPellentesque.xls;false;false;false;true;true;ACT;true;true;6;false;false;null;1;6;1;1;system;2017-11-19 00:38:27;null;2016-04-26 09:13:55;false
211;AliquetPulvinarSed.mpeg;false;true;true;false;false;ACT;false;true;6;true;false;null;3;6;1;3;system;2017-10-02 15:47:01;null;2016-12-01 01:49:19;false
212;Et.ppt;true;false;false;true;false;ACT;false;true;6;true;true;null;4;3;3;10;system;2017-10-31 22:11:03;null;2017-01-13 23:50:48;false
213;Adipiscing.ppt;false;false;false;true;false;ACT;true;false;6;true;false;null;4;5;4;10;system;2017-05-05 00:55:10;null;2016-04-26 05:17:43;false
214;MattisNibhLigula.mpeg;false;true;false;true;true;ACT;true;false;2;true;false;null;1;1;2;6;system;2017-02-27 12:56:12;null;2016-06-06 02:42:19;false
215;QuisOrci.mp3;false;true;true;true;true;ACT;true;false;4;true;false;null;4;1;4;6;system;2017-12-11 08:40:03;null;2017-01-29 15:16:08;false
216;Pede.gif;false;true;true;true;true;ACT;true;false;6;true;true;null;4;6;3;6;system;2017-01-14 05:17:10;null;2016-05-25 20:10:27;false
217;Nam.doc;false;false;true;true;false;ACT;true;true;3;false;true;null;4;2;2;4;system;2017-07-01 10:51:21;null;2016-09-08 23:59:16;false
218;Sociis.mp3;false;false;true;false;true;ACT;true;true;6;false;true;null;2;4;1;6;system;2017-08-30 15:45:19;null;2016-08-23 03:37:07;false
219;Odio.ppt;false;false;false;false;false;ACT;true;false;3;true;true;null;2;5;4;1;system;2017-07-18 17:40:41;null;2016-08-22 03:47:26;false
220;Ut.mp3;false;true;true;true;true;ACT;false;false;3;false;false;null;3;5;4;6;system;2017-03-12 04:23:19;null;2016-05-06 20:06:06;false
221;IdLobortis.xls;true;true;false;true;true;ACT;false;false;5;true;false;null;3;5;1;5;system;2017-03-17 13:52:28;null;2017-02-13 20:36:57;false
222;VariusNulla.xls;false;true;true;true;false;ACT;true;false;2;false;false;null;1;1;4;9;system;2017-02-25 11:07:30;null;2016-05-13 03:52:25;false
223;Nulla.ppt;false;false;false;false;true;ACT;true;true;1;false;false;null;2;2;4;3;system;2017-10-11 21:49:47;null;2017-02-07 18:53:43;false
224;Metus.xls;true;false;false;false;false;ACT;true;false;6;true;false;null;3;2;3;6;system;2017-07-14 07:47:38;null;2016-04-02 20:27:16;false
225;InFaucibus.pdf;false;true;true;false;true;ACT;false;false;4;true;true;null;4;6;2;6;system;2018-01-22 10:57:25;null;2016-12-02 21:44:23;false
226;Turpis.mp3;true;true;false;false;false;ACT;false;false;6;true;false;null;4;2;4;2;system;2017-10-31 10:35:14;null;2017-01-13 17:43:09;false
227;VolutpatQuamPede.mpeg;false;true;false;true;false;ACT;false;true;4;false;true;null;2;6;3;1;system;2017-11-04 13:06:06;null;2017-01-14 10:17:58;false
228;NonummyMaecenasTincidunt.tiff;false;true;true;false;false;ACT;true;false;6;true;true;null;2;1;2;6;system;2017-08-12 02:23:30;null;2017-02-17 20:48:48;false
229;LacusMorbiQuis.mp3;true;false;false;false;true;ACT;true;true;6;true;true;null;2;1;1;5;system;2017-12-21 04:49:27;null;2017-01-28 20:07:32;false
230;Molestie.gif;false;true;true;true;true;ACT;true;true;6;false;false;null;3;6;2;5;system;2017-09-08 04:16:19;null;2016-08-20 08:08:50;false
231;SuspendissePotenti.ppt;false;true;true;true;false;ACT;true;false;5;true;false;null;4;4;3;6;system;2017-09-17 20:00:06;null;2016-06-17 08:40:32;false
232;PellentesqueUltricesPhasellus.gif;true;false;false;true;false;ACT;false;false;6;false;true;null;2;4;2;1;system;2017-02-07 01:51:35;null;2016-10-04 22:10:02;false
233;Neque.doc;false;false;true;true;false;ACT;false;false;2;true;true;null;4;6;1;2;system;2018-01-21 12:28:19;null;2016-08-04 14:06:00;false
234;JustoEu.mp3;true;false;false;false;false;ACT;true;true;6;false;false;null;1;1;3;3;system;2017-08-01 08:06:45;null;2016-09-04 23:33:28;false
235;JustoInHac.ppt;true;false;true;true;true;ACT;false;false;2;true;true;null;2;4;1;3;system;2017-07-19 22:44:24;null;2016-12-13 02:57:33;false
236;UltriciesEuNibh.xls;false;false;false;true;true;ACT;true;true;2;true;false;null;3;2;2;1;system;2017-03-13 13:12:37;null;2017-02-09 03:43:17;false
237;Ridiculus.xls;true;true;false;true;true;ACT;true;false;5;false;true;null;1;1;2;4;system;2017-04-21 01:07:25;null;2016-04-21 16:44:32;false
238;EnimSitAmet.mp3;true;false;false;false;false;ACT;false;false;3;true;true;null;2;6;3;6;system;2018-01-23 05:35:01;null;2017-02-13 06:30:43;false
239;Habitasse.jpeg;false;false;true;false;false;ACT;true;false;6;true;false;null;4;1;4;6;system;2017-10-23 22:08:27;null;2016-10-09 06:34:59;false
240;Eget.ppt;true;false;true;false;true;ACT;false;false;4;false;true;null;2;4;4;2;system;2017-04-24 11:28:37;null;2016-11-28 17:05:35;false
241;Aenean.mp3;false;true;true;true;true;ACT;true;true;1;true;true;null;1;1;4;2;system;2017-03-04 05:33:11;null;2016-07-03 02:23:08;false
242;PosuereCubiliaCurae.tiff;false;true;false;false;true;ACT;true;true;5;false;true;null;3;6;4;2;system;2017-01-07 06:05:03;null;2016-10-25 05:19:01;false
243;NasceturRidiculusMus.avi;false;true;true;false;true;ACT;true;false;2;false;false;null;4;5;1;4;system;2017-10-27 21:17:43;null;2016-06-25 03:12:07;false
244;Lorem.xls;false;false;true;true;false;ACT;true;true;1;false;false;null;3;6;2;3;system;2017-03-08 11:46:04;null;2016-07-02 03:15:14;false
245;NullaJusto.xls;false;true;true;false;true;ACT;false;false;4;true;true;null;3;4;4;10;system;2017-06-21 11:46:08;null;2016-07-31 16:55:57;false
246;ConvallisMorbiOdio.xls;false;false;false;false;false;ACT;true;false;2;true;false;null;4;1;2;6;system;2017-04-21 10:35:30;null;2016-07-05 11:50:12;false
247;EnimLoremIpsum.xls;false;true;false;false;true;ACT;true;false;6;false;true;null;4;1;1;2;system;2017-11-19 17:40:55;null;2016-09-28 20:31:38;false
248;Nulla.txt;false;true;true;true;true;ACT;false;false;1;true;false;null;4;3;4;10;system;2018-02-22 19:11:49;null;2016-03-30 14:48:07;false
249;PellentesqueUltricesMattis.mpeg;false;true;true;false;false;ACT;true;false;4;true;false;null;4;4;2;9;system;2017-09-25 16:13:46;null;2017-01-23 03:31:59;false
250;NequeLiberoConvallis.png;false;true;true;false;false;ACT;true;true;4;true;true;null;2;4;2;9;system;2017-01-17 13:29:07;null;2016-05-31 11:39:35;false
251;PraesentIdMassa.doc;false;false;true;true;true;ACT;true;true;3;false;false;null;1;1;1;2;system;2017-04-14 12:59:36;null;2016-08-27 22:43:42;false
252;PedeAcDiam.ppt;false;true;true;false;true;ACT;false;true;3;false;true;null;2;3;3;3;system;2017-06-25 00:40:59;null;2016-11-25 06:52:02;false
253;Potenti.mp3;true;false;true;true;false;ACT;true;false;6;false;true;null;3;5;3;1;system;2017-03-28 06:47:12;null;2017-02-23 21:37:04;false
254;EnimSitAmet.mpeg;true;true;true;false;false;ACT;false;false;4;false;true;null;2;6;4;3;system;2017-02-07 23:49:24;null;2016-09-30 03:37:15;false
255;NullaSed.xls;true;true;false;true;false;ACT;true;true;6;true;false;null;2;2;2;4;system;2017-07-18 22:28:53;null;2016-04-29 15:54:59;false
256;MusVivamus.ppt;true;true;true;true;false;ACT;true;true;2;false;false;null;1;1;4;4;system;2017-06-26 02:30:06;null;2017-02-02 19:26:38;false
257;Diam.ppt;true;false;false;true;true;ACT;true;false;2;true;false;null;4;6;2;10;system;2017-01-06 13:26:31;null;2017-02-11 23:54:51;false
258;ErosVestibulum.avi;false;true;true;true;false;ACT;true;true;1;true;false;null;1;2;3;6;system;2018-01-08 12:09:49;null;2016-05-19 19:10:41;false
259;Hac.ppt;true;true;false;false;true;ACT;false;false;6;true;true;null;1;1;4;6;system;2017-10-05 02:04:14;null;2016-05-18 11:55:00;false
260;Vitae.gif;true;false;false;false;true;ACT;true;true;4;true;false;null;2;6;3;6;system;2017-02-10 22:47:49;null;2016-03-08 04:32:37;false
261;AdipiscingElit.mpeg;true;true;false;true;true;ACT;true;false;4;false;false;null;1;1;4;2;system;2017-08-03 13:39:05;null;2017-02-06 16:29:48;false
262;SapienNon.mp3;false;false;true;false;true;ACT;false;false;1;false;true;null;4;1;2;2;system;2018-01-16 07:26:31;null;2016-04-17 03:56:39;false
263;VestibulumProin.xls;true;false;false;false;true;ACT;true;true;2;true;false;null;1;1;1;1;system;2017-04-07 16:16:59;null;2017-02-25 15:04:16;false
264;CubiliaCuraeDonec.avi;true;false;true;false;true;ACT;true;false;6;false;false;null;4;6;2;6;system;2017-12-06 09:55:21;null;2016-11-28 18:42:50;false
265;Turpis.xls;true;true;false;true;true;ACT;true;true;4;true;false;null;3;3;1;2;system;2018-01-03 09:34:42;null;2016-09-22 04:40:58;false
266;InHac.ppt;true;true;false;true;true;ACT;true;true;6;true;true;null;1;6;1;3;system;2017-05-05 16:44:24;null;2017-01-29 03:11:44;false
267;NibhIn.mp3;true;true;true;false;false;ACT;true;true;3;false;true;null;1;6;1;5;system;2017-12-14 21:48:28;null;2017-01-30 19:54:53;false
268;AmetConsectetuer.mp3;false;false;true;true;false;ACT;false;false;2;false;false;null;1;3;2;1;system;2017-05-21 00:30:16;null;2016-06-18 00:29:01;false
269;Amet.pdf;true;true;true;false;true;ACT;true;false;2;false;false;null;2;2;4;9;system;2017-08-17 02:10:52;null;2016-05-13 03:24:49;false
270;CondimentumId.avi;true;false;true;false;true;ACT;true;false;6;false;false;null;1;1;1;9;system;2018-02-17 21:00:40;null;2016-09-03 12:52:47;false
271;EstPhasellusSit.xls;true;true;true;false;false;ACT;false;false;2;true;false;null;3;5;1;10;system;2017-05-13 23:45:16;null;2017-02-20 00:21:55;false
272;AccumsanTellusNisi.ppt;false;false;false;true;false;ACT;false;true;5;false;false;null;4;6;1;1;system;2018-01-11 03:31:12;null;2016-03-17 23:58:30;false
273;AtVulputate.png;false;false;true;true;true;ACT;false;true;6;false;false;null;1;1;4;1;system;2017-02-11 14:44:40;null;2016-07-07 15:55:31;false
274;NullaEget.ppt;false;true;false;false;false;ACT;false;true;2;false;true;null;4;6;4;1;system;2017-02-02 04:46:46;null;2016-06-12 12:38:01;false
275;Donec.doc;true;false;true;true;true;ACT;true;false;2;false;true;null;4;2;2;6;system;2017-04-15 22:27:13;null;2016-05-06 05:08:11;false
276;SemFusceConsequat.xls;true;false;false;true;true;ACT;true;false;6;false;false;null;4;6;2;3;system;2018-02-25 10:32:13;null;2016-03-14 00:40:50;false
277;Eu.ppt;true;true;false;true;true;ACT;false;false;3;true;false;null;3;3;1;1;system;2017-05-23 21:32:12;null;2016-04-01 02:52:42;false
278;TristiqueEst.avi;true;true;false;false;true;ACT;true;false;4;true;true;null;3;4;4;4;system;2017-06-18 13:51:14;null;2016-09-15 02:25:08;false
279;IpsumInteger.mp3;true;true;true;false;false;ACT;false;true;1;false;false;null;2;1;1;10;system;2018-02-07 08:29:00;null;2016-06-27 06:41:13;false
280;EleifendLuctus.xls;true;true;false;false;false;ACT;false;false;2;true;true;null;3;1;2;1;system;2017-08-28 01:59:14;null;2017-01-21 06:23:47;false
281;InLectus.avi;false;true;false;false;false;ACT;false;false;2;false;false;null;2;6;1;1;system;2017-09-12 13:02:28;null;2016-07-22 21:21:27;false
282;Venenatis.jpeg;false;true;false;true;false;ACT;false;false;1;true;false;null;3;6;3;1;system;2017-09-24 05:27:57;null;2016-11-29 14:13:24;false
283;UltriciesEuNibh.avi;false;false;false;false;true;ACT;false;false;1;false;false;null;4;1;2;4;system;2018-01-20 13:39:01;null;2016-12-27 10:16:03;false
284;Sapien.ppt;true;true;false;true;false;ACT;true;false;6;false;false;null;1;3;2;4;system;2017-03-19 10:41:26;null;2016-07-08 15:36:30;false
285;Pede.png;false;false;true;true;false;ACT;true;true;6;true;false;null;1;3;2;6;system;2017-01-07 04:06:58;null;2016-10-28 01:39:51;false
286;SuspendissePotentiCras.avi;false;true;true;false;true;ACT;true;false;6;false;false;null;1;3;1;2;system;2017-04-03 03:12:45;null;2016-05-30 17:45:00;false
287;Pulvinar.mp3;true;true;true;false;false;ACT;true;true;6;true;true;null;1;1;4;3;system;2017-02-26 06:56:08;null;2016-11-12 13:58:18;false
288;Quis.xls;true;true;true;true;true;ACT;false;false;1;false;false;null;2;2;3;6;system;2018-02-06 08:20:24;null;2016-11-14 06:09:38;false
289;AcConsequatMetus.tiff;false;false;false;true;false;ACT;false;false;4;false;true;null;4;3;1;6;system;2017-01-27 07:52:11;null;2017-01-22 03:19:17;false
290;Mauris.avi;true;false;true;true;false;ACT;false;true;3;false;true;null;2;1;4;4;system;2017-03-04 10:27:31;null;2016-03-06 16:52:36;false
291;AeneanAuctor.avi;true;false;true;true;true;ACT;true;true;5;true;false;null;3;5;1;10;system;2017-01-30 17:35:59;null;2016-03-11 19:42:14;false
292;NuncRhoncus.xls;false;false;true;false;false;ACT;false;true;2;true;true;null;1;6;4;2;system;2017-12-16 16:09:51;null;2016-07-04 00:24:04;false
293;SemperSapienA.mp3;true;false;false;false;true;ACT;false;true;4;true;false;null;3;5;4;6;system;2017-02-06 03:05:52;null;2016-10-05 09:56:26;false
294;LacusMorbiQuis.txt;false;true;false;true;true;ACT;false;true;6;true;false;null;1;5;3;6;system;2017-02-14 13:39:55;null;2016-07-31 07:05:33;false
295;Semper.xls;false;false;true;false;false;ACT;false;false;5;false;true;null;4;4;1;3;system;2018-01-28 05:35:30;null;2016-03-10 08:15:51;false
296;MassaDonec.avi;false;true;false;false;false;ACT;false;true;3;false;true;null;3;6;4;9;system;2017-03-17 20:23:18;null;2016-10-12 17:17:43;false
297;ConvallisDuis.gif;true;false;false;false;true;ACT;true;false;2;true;true;null;3;6;1;6;system;2018-02-11 23:41:32;null;2016-11-06 07:07:29;false
298;NisiNamUltrices.mp3;true;false;false;false;false;ACT;true;false;6;true;true;null;3;6;1;10;system;2017-05-16 01:15:48;null;2016-08-05 19:30:48;false
299;VestibulumVestibulum.ppt;false;false;false;false;false;ACT;true;false;2;false;false;null;1;6;1;5;system;2017-10-13 15:24:43;null;2016-08-03 20:55:51;false
300;ErosSuspendisseAccumsan.mp3;true;true;false;true;false;ACT;true;true;3;false;false;null;1;5;1;6;system;2017-02-23 16:43:55;null;2016-10-17 14:25:58;false
