id;group_leader;start;finalized;topic;review;review_date;review_by_id;del_status;created_by;created_date;last_modified_by;last_modified_date
1;Philip Little;2017-03-10 09:47:38;2017-05-12 16:39:30;lobortis ligula sit amet eleifend pede libero quis orci;true;2017-11-08 07:04:30;2;false;system;2016-11-15 13:36:02;;2017-12-24 14:36:27
2;Janice Matthews;2017-01-13 03:10:36;2017-12-28 16:09:10;vel pede morbi porttitor lorem id ligula suspendisse ornare consequat lectus in est;true;2017-02-06 06:52:55;1;false;system;2016-06-17 09:44:00;;2017-08-15 20:52:49
3;Marie Morrison;2017-01-06 16:29:14;2017-05-09 22:57:45;quam sollicitudin vitae consectetuer eget rutrum at lorem integer tincidunt ante vel;true;2017-12-07 11:29:07;2;false;system;2016-10-26 01:11:29;;2017-08-04 04:31:29
4;Tammy Simmons;2017-05-18 10:19:35;2017-05-25 04:15:02;cras in purus eu magna vulputate luctus cum sociis;false;2017-07-02 10:05:59;2;false;system;2016-07-31 12:41:48;;2017-12-26 20:53:21
5;Beverly Spencer;2017-12-04 11:39:03;2017-12-15 04:00:53;augue vestibulum rutrum rutrum neque aenean auctor gravida sem praesent id massa id;true;2017-09-04 03:13:00;1;false;system;2016-01-28 10:18:54;;2017-05-19 12:15:45
6;Victor Bishop;2017-08-17 13:08:57;2017-10-27 14:39:07;arcu adipiscing molestie hendrerit at vulputate vitae nisl aenean lectus;false;2017-07-04 01:36:33;2;false;system;2016-08-14 21:21:28;;2017-03-09 02:54:39
7;Janet Taylor;2017-03-14 15:23:37;2017-12-31 21:08:17;semper sapien a libero nam dui proin leo odio porttitor id consequat in consequat ut;true;2017-01-10 09:19:37;1;false;system;2016-07-21 08:58:12;;2017-06-09 16:45:57
8;Harry Lawson;2017-03-28 04:03:49;2017-10-26 19:20:10;turpis a pede posuere nonummy integer non;false;2017-01-14 04:01:12;2;false;system;2016-06-17 20:15:28;;2017-11-29 23:31:58
9;Raymond Elliott;2017-06-08 17:20:19;2017-07-24 18:06:29;nulla tempus vivamus in felis eu sapien cursus;false;2017-06-20 09:33:48;2;false;system;2016-10-27 13:37:43;;2017-05-13 00:39:18
10;Jimmy Perkins;2017-03-16 03:38:27;2017-08-30 15:09:11;pretium iaculis justo in hac habitasse platea dictumst etiam faucibus cursus urna ut tellus;false;2017-04-08 16:24:28;2;false;system;2016-02-05 16:56:36;;2017-10-12 13:19:52
11;Sarah Daniels;2017-04-16 19:10:00;2017-05-08 14:11:15;sapien cum sociis natoque penatibus et magnis dis;true;2017-02-11 02:39:44;2;false;system;2016-06-14 16:14:50;;2017-11-07 11:25:18
12;Amanda Green;2017-08-31 12:01:19;2017-12-07 02:48:29;rutrum neque aenean auctor gravida sem praesent id massa id;false;2017-01-31 22:57:44;2;false;system;2016-06-21 18:19:02;;2017-06-27 13:03:30
13;Clarence Wheeler;2017-12-14 14:39:15;2017-02-13 15:51:13;imperdiet nullam orci pede venenatis non sodales sed tincidunt eu felis fusce posuere;false;2017-08-05 10:19:58;1;false;system;2016-12-19 08:25:55;;2017-07-09 16:20:45
14;Kenneth Snyder;2017-07-09 04:43:32;2017-03-27 06:22:18;pellentesque eget nunc donec quis orci;false;2017-01-20 13:14:35;2;false;system;2016-05-02 19:42:43;;2018-01-03 00:11:26
15;Judy Woods;2017-07-19 03:35:55;2017-10-19 04:32:41;nulla integer pede justo lacinia eget tincidunt eget tempus vel pede;false;2017-12-25 02:38:04;2;false;system;2016-10-20 17:17:51;;2017-06-11 18:40:34
16;Patrick Butler;2017-10-07 20:33:37;2017-09-01 23:19:31;hac habitasse platea dictumst aliquam augue;false;2017-10-24 05:57:26;1;false;system;2016-06-01 00:24:00;;2017-07-23 19:50:22
17;Kelly Howell;2017-08-16 04:43:50;2017-02-12 01:00:04;nam ultrices libero non mattis pulvinar nulla pede ullamcorper augue a suscipit nulla;false;2017-11-13 04:00:14;2;false;system;2016-07-10 17:55:10;;2017-01-28 21:19:04
18;Eric Larson;2017-09-09 16:11:10;2017-03-03 19:44:35;elementum nullam varius nulla facilisi cras non;false;2017-01-14 06:13:45;2;false;system;2016-02-06 19:20:54;;2017-02-16 04:53:50
19;Keith Holmes;2017-11-13 21:02:28;2017-09-27 11:04:02;pellentesque ultrices mattis odio donec vitae nisi nam ultrices libero;true;2017-09-26 15:42:13;2;false;system;2016-07-19 05:28:45;;2017-05-30 17:44:00
20;Terry Dunn;2017-08-02 03:29:31;2017-09-03 20:12:48;sapien cum sociis natoque penatibus et magnis dis parturient montes nascetur ridiculus;false;2017-04-28 17:06:59;1;false;system;2016-04-11 15:45:08;;2017-01-28 16:28:27
21;Gerald Berry;2017-02-21 07:25:15;2017-06-22 11:01:16;gravida sem praesent id massa id nisl venenatis lacinia aenean sit amet justo morbi ut;false;2017-09-05 09:24:51;1;false;system;2016-02-15 05:32:31;;2018-01-02 15:16:42
22;Christina Lynch;2017-02-17 04:35:40;2017-12-27 04:23:41;morbi porttitor lorem id ligula suspendisse ornare consequat lectus in est risus auctor sed tristique;true;2017-03-07 16:28:56;1;false;system;2016-07-13 19:53:16;;2017-10-06 11:18:02
23;Tammy Coleman;2017-06-23 15:09:25;2017-05-26 17:42:44;sit amet justo morbi ut odio cras mi pede malesuada in imperdiet;true;2017-04-23 02:34:12;1;false;system;2016-07-27 17:46:41;;2018-01-10 14:06:16
24;Justin Scott;2018-01-02 16:31:07;2017-03-04 07:24:41;in hac habitasse platea dictumst maecenas ut;true;2017-11-29 21:19:57;2;false;system;2016-10-05 00:02:37;;2017-01-21 00:08:43
25;John Day;2017-09-13 12:22:17;2018-01-01 01:54:34;malesuada in imperdiet et commodo vulputate justo;false;2017-04-17 21:16:28;1;false;system;2016-07-23 13:04:52;;2017-06-20 18:01:54
26;Eric Little;2017-02-12 16:21:07;2017-11-21 13:27:20;justo aliquam quis turpis eget elit sodales scelerisque mauris sit amet eros;false;2017-01-12 01:04:12;1;false;system;2016-12-31 11:31:30;;2017-05-30 13:52:12
27;Annie Coleman;2017-03-15 10:31:48;2018-01-05 17:52:09;nisi volutpat eleifend donec ut dolor morbi;false;2017-02-11 20:54:37;2;false;system;2016-04-22 05:18:15;;2017-06-08 16:21:24
28;Denise Jenkins;2017-12-14 23:53:23;2017-04-21 08:11:29;eget eleifend luctus ultricies eu;false;2017-08-29 10:19:02;1;false;system;2016-06-17 05:00:34;;2017-12-25 10:59:57
29;Denise Morales;2017-10-22 04:43:06;2017-10-23 19:51:46;lacus morbi quis tortor id nulla ultrices aliquet maecenas leo odio;true;2017-10-21 13:59:07;1;false;system;2016-11-10 10:10:48;;2017-10-28 08:45:43
30;Jesse Carroll;2017-08-29 12:24:21;2017-04-16 06:29:33;lacinia nisi venenatis tristique fusce congue diam id ornare imperdiet sapien;true;2017-10-26 21:16:59;1;false;system;2016-07-11 06:09:48;;2018-01-09 23:02:48
31;Albert Dean;2018-01-07 22:20:07;2017-12-06 15:59:29;augue a suscipit nulla elit ac nulla sed vel enim;true;2017-02-27 15:02:16;1;false;system;2016-08-27 15:02:59;;2017-12-18 01:22:30
32;Tammy Martin;2017-07-14 14:27:13;2017-01-16 18:00:02;lectus in quam fringilla rhoncus mauris enim leo rhoncus;false;2017-01-30 16:57:04;2;false;system;2016-09-20 16:59:20;;2017-04-20 12:47:06
33;Janet Smith;2017-11-20 00:59:40;2017-05-13 14:00:15;suspendisse potenti cras in purus eu magna vulputate luctus cum;false;2017-12-31 00:54:28;1;false;system;2016-01-22 01:21:59;;2017-11-04 21:44:45
34;Albert Watson;2017-10-08 18:27:28;2018-01-02 19:54:23;tincidunt lacus at velit vivamus vel nulla;false;2017-05-23 20:28:55;2;false;system;2016-10-03 08:02:02;;2017-01-20 13:15:16
35;Shirley Gardner;2017-11-20 22:15:06;2017-02-25 12:22:54;viverra eget congue eget semper rutrum nulla nunc purus phasellus in;true;2017-10-30 04:49:37;2;false;system;2016-09-02 12:19:17;;2017-07-30 06:07:16
36;Virginia Nguyen;2017-03-06 15:52:18;2017-12-13 11:25:36;maecenas leo odio condimentum id luctus nec molestie sed justo pellentesque viverra pede ac;true;2017-06-19 00:06:10;2;false;system;2017-01-08 14:41:11;;2017-05-30 23:41:24
37;Albert Knight;2017-04-02 01:55:59;2017-03-15 23:35:54;vivamus vel nulla eget eros elementum pellentesque quisque porta;true;2017-01-08 22:01:33;2;false;system;2016-02-26 07:06:27;;2017-09-29 20:37:32
38;Phyllis Myers;2017-04-24 09:21:18;2017-11-14 10:34:33;nibh ligula nec sem duis aliquam convallis nunc proin;false;2017-11-27 12:30:42;1;false;system;2016-02-22 20:33:51;;2017-10-21 23:42:18
39;Donna Griffin;2017-05-11 16:47:10;2017-03-04 15:06:24;mauris morbi non lectus aliquam sit amet diam in magna;true;2017-10-12 20:31:06;1;false;system;2016-12-10 16:14:19;;2017-08-10 02:45:51
40;Thomas James;2017-08-21 20:31:12;2017-09-30 20:11:51;a libero nam dui proin leo odio porttitor;true;2017-12-24 22:00:53;1;false;system;2016-06-10 21:45:31;;2017-05-27 12:31:55
41;Doris Rogers;2017-12-20 19:06:59;2017-12-07 18:24:51;amet nulla quisque arcu libero rutrum ac lobortis;false;2017-12-26 07:25:51;2;false;system;2016-09-05 14:05:55;;2017-08-17 23:36:51
42;Paula Wood;2017-10-10 10:04:00;2017-11-10 10:43:46;tincidunt eget tempus vel pede morbi porttitor lorem id ligula suspendisse ornare;false;2017-10-26 15:11:32;1;false;system;2016-11-24 13:23:45;;2017-07-03 07:25:52
43;Joan Fox;2017-02-26 03:49:18;2017-09-21 01:43:28;vitae nisi nam ultrices libero non mattis pulvinar;false;2017-07-10 14:29:29;1;false;system;2016-07-29 20:24:24;;2017-07-28 03:06:12
44;Matthew Vasquez;2017-02-11 23:16:45;2017-04-03 14:27:26;id ligula suspendisse ornare consequat lectus in est risus auctor sed tristique in tempus;false;2017-04-07 23:41:15;1;false;system;2016-08-22 18:15:35;;2017-07-17 16:35:40
45;Deborah Wood;2017-07-29 01:36:48;2017-09-06 11:52:59;sollicitudin ut suscipit a feugiat et eros vestibulum ac est lacinia;true;2017-06-29 15:30:15;2;false;system;2016-05-03 19:03:04;;2017-05-28 17:14:58
46;Ashley Griffin;2017-09-24 23:08:53;2017-11-27 09:04:49;nulla nisl nunc nisl duis bibendum;false;2017-09-13 10:15:35;1;false;system;2016-10-10 00:07:32;;2017-12-13 15:22:44
47;Gary Garrett;2017-10-31 05:16:27;2017-05-19 03:33:36;habitasse platea dictumst etiam faucibus cursus urna ut tellus nulla ut erat id;false;2017-04-21 11:13:05;2;false;system;2016-09-08 18:23:10;;2017-12-26 20:07:43
48;Roy Wallace;2017-01-28 07:39:06;2017-09-26 13:35:25;mattis odio donec vitae nisi nam ultrices libero non mattis pulvinar nulla pede ullamcorper augue;false;2017-12-01 21:31:52;2;false;system;2016-07-23 23:45:26;;2017-02-03 14:04:04
49;Douglas Jenkins;2017-07-18 14:01:06;2017-09-08 18:07:49;fusce lacus purus aliquet at feugiat non pretium quis lectus suspendisse potenti in eleifend;false;2017-09-13 01:09:43;2;false;system;2016-12-16 22:41:00;;2017-07-13 15:18:19
50;Mark Simpson;2017-06-07 18:52:23;2017-07-22 17:45:08;semper sapien a libero nam dui proin leo odio porttitor id;true;2017-04-22 02:22:05;2;false;system;2016-07-19 21:12:57;;2017-05-13 09:52:29
51;Michelle Kelly;2017-03-18 09:49:55;2017-05-06 00:21:03;accumsan felis ut at dolor quis odio consequat varius integer ac leo pellentesque ultrices mattis;true;2017-03-03 14:57:36;1;false;system;2016-05-23 05:46:31;;2017-04-22 04:41:54
52;Brenda Henry;2017-04-14 22:29:04;2017-10-24 15:34:18;ipsum praesent blandit lacinia erat vestibulum sed magna at nunc commodo placerat praesent blandit nam;false;2017-11-21 11:12:42;2;false;system;2016-08-22 00:08:38;;2017-03-24 08:23:53
53;Billy Nelson;2017-07-27 03:50:08;2017-05-27 10:56:21;sapien a libero nam dui proin leo odio porttitor id consequat in consequat ut;false;2017-12-14 00:37:33;1;false;system;2016-10-05 11:18:56;;2017-10-27 03:42:37
54;Sean Hill;2017-01-13 16:41:43;2017-08-26 09:58:44;rhoncus mauris enim leo rhoncus sed vestibulum sit amet cursus id turpis integer aliquet;true;2017-12-06 09:21:41;1;false;system;2016-10-30 05:11:28;;2017-04-16 00:53:51
55;George Harris;2017-12-03 02:20:04;2017-07-02 14:00:44;duis bibendum morbi non quam nec dui luctus rutrum;false;2017-11-27 19:07:16;1;false;system;2016-10-24 15:58:14;;2017-02-19 03:46:42
56;Susan Moore;2017-07-15 15:42:41;2017-03-12 11:43:19;ut ultrices vel augue vestibulum ante ipsum primis in faucibus;false;2017-12-18 16:03:14;1;false;system;2016-11-06 21:11:28;;2017-12-01 10:49:32
57;Dorothy Hicks;2017-12-19 06:48:56;2017-05-26 15:22:56;rhoncus mauris enim leo rhoncus sed vestibulum sit amet;false;2017-10-16 05:22:26;1;false;system;2016-05-20 17:30:50;;2017-12-21 19:06:31
58;James Lawson;2017-09-18 20:32:23;2017-10-14 13:08:30;feugiat non pretium quis lectus suspendisse potenti;true;2017-06-03 00:32:38;2;false;system;2016-05-10 19:06:39;;2017-10-01 12:46:11
59;Eric Gibson;2017-01-27 23:40:22;2017-09-15 14:40:11;potenti cras in purus eu magna;true;2017-08-23 20:15:24;2;false;system;2016-12-08 09:34:11;;2017-03-21 18:00:34
60;Ashley Hudson;2017-08-09 23:33:51;2017-05-16 15:26:05;adipiscing lorem vitae mattis nibh;true;2017-02-26 03:07:28;1;false;system;2016-12-04 22:28:04;;2017-11-01 16:26:21
61;Brenda Welch;2017-06-23 19:03:40;2017-09-09 21:40:12;nulla tempus vivamus in felis eu sapien cursus vestibulum;true;2017-12-21 12:36:45;1;false;system;2016-02-10 15:23:26;;2017-06-20 22:39:35
62;Robert Perkins;2017-09-29 14:54:34;2017-04-12 02:17:29;curae mauris viverra diam vitae quam;true;2017-03-14 18:11:55;1;false;system;2016-05-01 12:20:18;;2017-08-19 06:51:42
63;Julia Sims;2017-03-16 12:45:41;2017-01-18 01:59:04;pellentesque viverra pede ac diam cras pellentesque volutpat dui maecenas tristique est et tempus semper;true;2017-09-06 07:47:10;1;false;system;2016-02-21 11:06:50;;2017-05-19 03:23:48
64;Albert Lopez;2017-07-13 06:15:50;2017-08-22 11:59:24;cursus urna ut tellus nulla ut erat id mauris vulputate elementum;false;2017-12-29 01:38:20;2;false;system;2016-01-30 21:00:46;;2017-11-18 13:44:20
65;James Meyer;2017-06-16 19:15:08;2017-03-20 12:10:59;pretium quis lectus suspendisse potenti in eleifend quam a odio in hac habitasse platea;false;2017-11-06 04:11:14;2;false;system;2016-10-22 08:24:24;;2017-05-27 23:33:28
66;Carl Hudson;2017-02-10 16:38:27;2017-04-12 09:52:31;cubilia curae mauris viverra diam vitae quam suspendisse potenti nullam porttitor lacus at;false;2017-04-10 00:19:10;1;false;system;2016-10-14 12:49:26;;2017-04-24 01:07:12
67;Susan Parker;2017-03-01 13:43:28;2017-05-31 10:03:07;neque aenean auctor gravida sem praesent id massa id nisl venenatis lacinia aenean;false;2017-09-21 18:00:31;2;false;system;2016-09-24 02:41:34;;2017-10-07 12:23:05
68;Rose Burton;2017-11-06 04:29:58;2017-03-02 22:12:09;pede ullamcorper augue a suscipit nulla elit ac nulla sed vel enim sit;false;2017-01-15 12:57:58;2;false;system;2016-02-10 01:01:00;;2018-01-01 02:30:24
69;Teresa Nelson;2017-10-08 05:25:25;2018-01-08 02:34:38;rutrum nulla nunc purus phasellus;false;2017-09-05 17:56:33;1;false;system;2016-09-24 11:51:04;;2017-05-05 21:27:47
70;Harry Murray;2017-12-26 11:10:03;2017-09-08 17:01:25;quis orci nullam molestie nibh in lectus pellentesque at nulla suspendisse potenti cras in;true;2017-01-23 07:25:44;1;false;system;2016-09-19 00:16:26;;2017-05-31 09:18:10
71;Roy Kelley;2017-07-12 12:51:42;2017-05-18 01:41:51;tellus in sagittis dui vel nisl duis ac;false;2017-01-26 11:34:03;1;false;system;2016-05-23 12:07:48;;2017-08-15 22:22:33
72;Donna Brown;2017-09-11 18:56:18;2017-10-15 16:44:12;placerat ante nulla justo aliquam quis turpis eget elit sodales scelerisque mauris sit amet eros;true;2017-07-05 12:20:34;1;false;system;2016-12-03 07:59:50;;2017-03-14 01:23:53
73;Joshua Owens;2017-01-11 08:46:53;2017-05-28 14:14:53;integer ac neque duis bibendum morbi non quam nec dui luctus rutrum nulla;false;2017-12-28 00:22:00;2;false;system;2016-04-11 05:48:00;;2017-02-15 23:59:05
74;Phillip Wheeler;2017-08-17 04:45:06;2017-11-29 14:44:58;pede justo lacinia eget tincidunt eget tempus;true;2017-08-17 05:05:13;1;false;system;2016-12-30 23:21:44;;2017-12-11 22:54:48
75;Dennis Hayes;2017-12-08 17:08:47;2017-12-06 01:40:54;ut massa volutpat convallis morbi odio odio;false;2017-12-23 07:11:32;1;false;system;2016-04-07 21:34:12;;2017-08-24 14:01:09
76;Margaret Cunningham;2017-10-16 12:09:26;2017-02-09 07:43:30;urna ut tellus nulla ut erat id mauris vulputate;false;2017-11-07 05:58:01;1;false;system;2016-05-19 21:22:53;;2017-09-05 05:22:33
77;Douglas Wagner;2017-07-31 17:46:33;2017-09-23 05:49:45;leo maecenas pulvinar lobortis est phasellus sit amet erat nulla tempus vivamus in felis;true;2017-10-11 16:45:01;2;false;system;2016-04-20 19:27:54;;2017-08-10 16:28:20
78;Jack Jones;2017-09-06 08:23:18;2017-11-03 05:21:19;congue diam id ornare imperdiet;true;2017-05-25 03:20:49;1;false;system;2016-03-09 18:20:09;;2017-07-03 06:14:05
79;Jeremy Lopez;2017-10-06 01:34:15;2017-11-20 03:19:49;erat nulla tempus vivamus in felis eu sapien cursus vestibulum proin eu mi;false;2017-09-09 04:20:26;1;false;system;2016-10-31 09:50:24;;2017-10-06 14:34:31
80;Jeremy Young;2017-01-29 12:14:05;2017-12-04 01:21:08;posuere cubilia curae nulla dapibus dolor;false;2017-06-02 16:59:36;2;false;system;2016-08-04 04:58:45;;2017-11-24 02:08:21
81;Gary Wallace;2017-07-21 07:27:55;2017-11-08 22:33:53;sapien varius ut blandit non interdum in ante vestibulum ante ipsum primis in;false;2017-06-12 21:51:48;1;false;system;2016-06-15 20:18:24;;2017-11-15 07:08:17
82;Nicole Hunter;2017-03-17 18:32:40;2017-07-16 12:39:16;in ante vestibulum ante ipsum primis in faucibus;false;2017-12-17 23:53:46;1;false;system;2016-05-08 13:14:35;;2017-07-12 18:37:25
83;Lillian Ferguson;2017-07-26 17:21:27;2017-03-26 05:22:38;hac habitasse platea dictumst maecenas;false;2017-10-04 21:46:38;1;false;system;2016-02-03 03:21:57;;2017-12-07 17:13:20
84;Heather Ramos;2017-06-30 13:25:48;2017-04-07 14:44:32;justo pellentesque viverra pede ac diam cras pellentesque;true;2017-11-23 05:50:34;1;false;system;2016-04-03 14:20:10;;2017-10-10 03:21:32
85;Lisa Myers;2017-01-28 03:12:17;2017-10-15 07:41:13;et ultrices posuere cubilia curae donec pharetra magna vestibulum aliquet;true;2017-06-28 08:02:21;1;false;system;2016-11-02 20:44:13;;2017-10-29 21:08:12
86;Thomas Payne;2017-05-16 01:47:20;2017-03-15 18:20:50;dolor sit amet consectetuer adipiscing elit proin;false;2017-08-12 11:08:24;2;false;system;2016-03-10 16:45:27;;2017-08-24 09:08:51
87;Jonathan Walker;2017-11-13 16:07:22;2017-02-08 19:37:12;morbi ut odio cras mi pede malesuada in imperdiet;false;2017-07-01 08:46:38;2;false;system;2016-09-04 14:28:17;;2017-06-12 00:46:39
88;Helen Hansen;2017-02-24 10:44:34;2017-09-27 00:33:12;convallis morbi odio odio elementum;true;2017-11-22 02:32:25;2;false;system;2016-11-01 19:58:05;;2017-11-19 00:38:09
89;Donna Cox;2017-12-30 04:51:54;2017-02-09 08:01:01;in faucibus orci luctus et ultrices posuere cubilia curae donec pharetra;true;2017-08-12 17:10:33;1;false;system;2016-12-09 07:23:58;;2017-08-21 16:47:35
90;Frances Johnston;2017-08-20 05:06:08;2017-10-14 20:21:30;ridiculus mus etiam vel augue;false;2017-08-04 07:19:01;2;false;system;2016-06-08 03:00:10;;2017-08-22 17:55:36
91;Betty Riley;2017-07-13 05:29:36;2017-12-11 05:40:17;cursus urna ut tellus nulla ut erat id mauris vulputate elementum nullam varius nulla facilisi;true;2017-04-11 07:25:11;2;false;system;2016-08-04 23:30:57;;2017-07-25 20:39:12
92;Lori Hunter;2017-12-10 19:02:57;2017-02-13 23:31:08;a odio in hac habitasse;true;2017-06-05 16:31:56;1;false;system;2016-06-10 13:37:03;;2017-06-27 13:56:09
93;Phillip Palmer;2017-09-03 04:26:06;2017-08-02 16:58:40;donec ut dolor morbi vel lectus in quam fringilla rhoncus mauris enim leo rhoncus sed;true;2017-06-06 21:41:25;2;false;system;2016-10-09 08:03:50;;2017-12-19 08:02:31
94;Anna Hill;2017-04-14 22:28:22;2017-08-04 15:55:25;cras non velit nec nisi vulputate nonummy maecenas tincidunt;false;2017-01-18 19:32:14;2;false;system;2016-03-19 12:52:26;;2017-06-26 08:14:11
95;Elizabeth Ferguson;2017-07-03 06:00:31;2017-10-04 06:16:35;lacus purus aliquet at feugiat;false;2017-07-05 05:47:50;1;false;system;2016-09-15 18:23:15;;2017-10-03 06:34:36
96;Frank Bryant;2017-10-04 10:21:33;2017-11-20 06:09:27;montes nascetur ridiculus mus etiam vel augue vestibulum rutrum;false;2017-11-04 16:58:42;1;false;system;2016-12-02 12:55:20;;2018-01-10 19:57:26
97;Irene Foster;2017-01-28 18:27:06;2017-08-16 11:57:44;tincidunt eu felis fusce posuere felis sed lacus morbi sem mauris laoreet ut rhoncus;false;2017-07-12 12:13:37;1;false;system;2016-10-15 15:42:57;;2017-01-28 15:44:23
98;Teresa Hudson;2017-10-20 21:25:36;2017-05-08 11:18:58;adipiscing elit proin risus praesent lectus vestibulum quam sapien;true;2017-10-29 18:44:43;1;false;system;2016-10-14 05:21:11;;2017-08-20 16:35:46
99;Jean Collins;2017-08-23 03:13:04;2017-11-11 17:21:23;tellus semper interdum mauris ullamcorper purus sit amet nulla;false;2017-04-12 21:33:34;2;false;system;2016-03-08 16:17:00;;2018-01-02 13:41:13
100;Todd Peters;2017-12-22 14:46:35;2017-04-21 13:13:13;nulla tempus vivamus in felis eu;true;2017-07-05 08:49:02;2;false;system;2016-09-24 12:05:54;;2017-04-03 03:05:32
101;Susan Moore;2017-05-20 00:59:14;2017-09-01 21:29:35;volutpat erat quisque erat eros viverra eget congue;false;2017-03-28 05:33:26;2;false;system;2016-10-10 18:19:23;;2017-06-16 11:01:13
102;Joshua Watkins;2017-02-21 22:04:37;2017-03-20 17:07:33;suspendisse ornare consequat lectus in est risus auctor sed tristique in tempus sit amet sem;false;2017-06-29 18:59:44;2;false;system;2016-02-29 17:49:32;;2017-06-28 23:38:14
103;Katherine Graham;2017-09-21 00:46:10;2017-08-10 23:23:30;massa donec dapibus duis at velit eu est;true;2017-04-28 19:52:07;2;false;system;2016-08-11 04:33:49;;2017-03-17 02:26:05
104;Roy Walker;2017-05-04 23:02:55;2017-12-03 04:05:35;vitae nisl aenean lectus pellentesque eget nunc donec;false;2017-08-31 11:30:48;2;false;system;2016-01-17 15:00:09;;2017-03-26 12:03:20
105;Phyllis Tucker;2017-07-09 16:25:37;2017-08-06 12:26:26;rhoncus aliquet pulvinar sed nisl nunc rhoncus dui vel sem sed sagittis nam;true;2017-09-24 13:37:50;2;false;system;2016-07-15 21:15:20;;2017-03-31 19:53:36
106;Roger Lopez;2017-02-06 04:05:38;2017-09-22 13:18:43;felis ut at dolor quis odio consequat varius integer ac leo pellentesque ultrices;false;2017-11-12 16:42:47;2;false;system;2016-06-04 01:44:47;;2017-07-06 02:30:16
107;Christopher Payne;2017-10-04 23:25:25;2017-01-04 19:33:24;consequat in consequat ut nulla sed;true;2017-11-29 23:02:07;1;false;system;2016-08-28 15:01:47;;2017-08-26 11:05:10
108;George Richardson;2017-08-07 19:37:08;2017-03-18 16:59:21;ut rhoncus aliquet pulvinar sed;false;2017-06-26 11:05:32;2;false;system;2016-08-22 08:06:25;;2017-05-20 00:34:11
109;Robin Holmes;2017-04-30 14:09:48;2017-06-29 08:44:09;lacinia nisi venenatis tristique fusce congue diam id ornare imperdiet sapien urna pretium nisl ut;false;2017-12-04 07:03:13;1;false;system;2016-10-16 05:00:19;;2017-05-18 15:21:00
110;Shirley Moore;2017-04-07 19:17:53;2017-07-24 15:54:46;faucibus cursus urna ut tellus nulla ut erat id mauris vulputate elementum nullam varius nulla;true;2017-08-01 07:39:36;1;false;system;2016-10-13 08:45:39;;2017-11-27 09:29:45
111;Jennifer Bennett;2017-09-21 15:48:20;2017-07-27 13:52:05;cubilia curae duis faucibus accumsan odio curabitur convallis;true;2017-07-25 10:54:19;1;false;system;2016-04-29 19:29:13;;2017-05-27 06:09:01
112;Debra Powell;2017-07-31 08:27:12;2017-12-31 04:55:23;aenean sit amet justo morbi ut odio cras mi;false;2017-06-28 16:52:09;2;false;system;2016-08-22 21:16:36;;2017-10-10 06:12:17
113;Jesse Gomez;2017-09-13 16:07:39;2017-04-03 05:01:34;id nulla ultrices aliquet maecenas leo odio condimentum id luctus nec molestie sed justo;false;2017-06-28 03:08:46;1;false;system;2016-04-20 17:21:42;;2017-03-10 23:39:13
114;Roy Lee;2017-11-02 18:14:26;2017-10-08 21:05:26;rutrum nulla nunc purus phasellus;true;2017-11-07 01:49:22;1;false;system;2016-04-25 20:02:08;;2017-03-19 10:04:55
115;Phillip Butler;2017-06-30 01:22:00;2017-05-04 22:49:13;est donec odio justo sollicitudin ut suscipit a feugiat et eros vestibulum ac est;true;2017-09-01 00:48:04;1;false;system;2016-04-20 20:38:31;;2017-10-30 23:56:09
116;Sharon Frazier;2017-11-10 07:06:22;2017-09-21 15:19:23;nulla nisl nunc nisl duis bibendum;true;2017-06-24 15:26:16;2;false;system;2016-12-09 09:31:47;;2017-04-21 13:42:31
117;Charles Vasquez;2017-12-22 19:49:34;2017-05-23 23:10:44;cursus vestibulum proin eu mi nulla ac enim in tempor turpis;false;2017-09-14 14:36:17;1;false;system;2016-09-10 08:57:57;;2017-04-04 03:15:51
118;Fred Long;2017-01-14 09:49:19;2017-03-12 09:17:43;duis consequat dui nec nisi volutpat;false;2017-10-17 18:37:41;2;false;system;2016-07-23 08:40:42;;2017-10-02 22:43:22
119;George Nguyen;2017-04-18 19:53:29;2017-03-09 13:52:26;fermentum justo nec condimentum neque sapien placerat ante nulla justo aliquam quis turpis;false;2017-09-24 07:55:19;2;false;system;2016-01-13 13:49:40;;2017-12-31 15:57:40
120;Marie Hall;2017-04-04 09:36:00;2017-12-28 12:46:59;duis at velit eu est congue elementum in hac habitasse platea dictumst;true;2017-04-28 22:51:50;1;false;system;2016-07-21 00:37:46;;2017-02-06 23:13:32
121;Ruby Shaw;2017-10-08 23:55:52;2017-11-22 18:46:18;ultrices libero non mattis pulvinar nulla pede ullamcorper augue a suscipit nulla;false;2017-07-23 14:55:30;2;false;system;2016-04-14 09:49:52;;2017-02-03 21:55:22
122;Andrea Morgan;2017-10-17 09:50:27;2017-12-14 08:09:25;at nibh in hac habitasse platea dictumst aliquam augue quam sollicitudin vitae;false;2017-03-10 08:34:01;2;false;system;2016-05-28 10:24:13;;2017-08-05 17:48:14
123;Theresa Mason;2017-10-09 02:15:05;2018-01-11 18:24:57;volutpat quam pede lobortis ligula sit amet eleifend pede libero quis orci nullam;true;2017-10-25 05:23:20;2;false;system;2016-05-24 09:04:18;;2017-08-17 01:53:57
124;Johnny Alexander;2017-05-11 11:10:19;2017-06-07 06:12:58;phasellus sit amet erat nulla tempus;true;2017-06-10 10:00:02;1;false;system;2016-12-17 02:57:38;;2017-10-14 11:11:25
125;Sean Carpenter;2017-09-22 12:12:15;2017-09-06 05:01:12;turpis nec euismod scelerisque quam turpis adipiscing lorem vitae mattis nibh;false;2017-07-14 10:06:30;1;false;system;2016-10-09 20:36:36;;2017-10-03 10:27:37
126;Kelly Hawkins;2017-12-03 11:03:13;2017-06-18 13:15:28;metus aenean fermentum donec ut mauris eget massa tempor;false;2017-12-24 07:05:01;1;false;system;2016-12-31 05:16:13;;2017-03-16 19:11:41
127;Paula Brown;2017-10-21 16:27:16;2017-10-10 18:42:21;tellus nisi eu orci mauris lacinia sapien quis libero nullam sit amet turpis elementum ligula;true;2017-08-03 20:49:08;1;false;system;2016-02-09 15:20:34;;2017-11-07 08:49:57
128;Willie Mason;2017-08-20 08:38:08;2017-11-03 21:08:24;est risus auctor sed tristique in tempus sit amet sem fusce consequat nulla;false;2017-02-07 19:38:00;1;false;system;2017-01-04 03:23:49;;2017-09-23 16:31:52
129;Anthony Mason;2017-03-09 05:15:10;2017-01-15 02:59:35;ante vestibulum ante ipsum primis in faucibus orci luctus et ultrices posuere cubilia;true;2017-10-28 05:10:18;1;false;system;2016-09-05 02:27:14;;2017-11-28 21:59:53
130;Edward Peters;2017-05-11 10:06:57;2017-06-20 23:07:00;turpis sed ante vivamus tortor duis mattis egestas metus aenean fermentum donec;true;2017-11-25 10:37:07;2;false;system;2016-01-30 15:12:59;;2017-08-25 19:36:02
131;Donna Richardson;2017-06-19 20:46:18;2017-06-24 10:38:37;et tempus semper est quam pharetra magna ac consequat metus sapien ut nunc;true;2017-10-18 00:21:52;2;false;system;2016-11-07 02:44:00;;2017-05-17 17:13:04
132;Janice Palmer;2017-01-15 20:34:46;2017-11-18 17:58:46;in quis justo maecenas rhoncus aliquam lacus morbi quis tortor id nulla;true;2017-08-18 12:18:35;1;false;system;2016-11-21 03:23:01;;2017-10-20 22:36:20
133;Catherine Cole;2017-01-23 18:02:51;2017-09-21 16:48:23;nulla dapibus dolor vel est donec odio justo sollicitudin ut suscipit a feugiat;false;2017-09-25 06:37:00;1;false;system;2016-09-06 08:25:46;;2017-10-22 12:00:36
134;Martha Meyer;2017-04-20 18:04:26;2017-10-29 17:50:03;amet nulla quisque arcu libero;false;2017-12-03 19:07:04;1;false;system;2016-06-29 06:55:06;;2017-09-17 01:27:04
135;Nancy Cox;2017-04-12 20:36:55;2017-08-02 00:03:50;a odio in hac habitasse platea dictumst;false;2017-05-07 01:34:54;2;false;system;2016-06-20 18:49:58;;2017-10-26 04:54:03
136;Harold Watson;2017-09-23 02:50:08;2017-09-08 10:29:53;elementum eu interdum eu tincidunt in leo maecenas pulvinar lobortis est phasellus sit amet erat;true;2017-09-04 05:55:18;1;false;system;2016-04-08 06:15:17;;2017-10-14 07:44:02
137;Ryan Wood;2017-07-12 14:34:30;2017-02-26 15:51:30;diam cras pellentesque volutpat dui maecenas tristique est et tempus semper est quam pharetra magna;false;2017-04-21 03:33:00;1;false;system;2016-09-06 02:18:30;;2017-04-05 08:30:00
138;Jeremy Kim;2017-06-30 22:31:47;2017-01-09 06:46:42;etiam pretium iaculis justo in hac habitasse platea;true;2017-01-30 15:20:11;1;false;system;2017-01-08 22:36:21;;2017-09-29 06:14:55
139;Eugene Garcia;2017-07-23 22:39:43;2017-07-23 11:27:36;donec diam neque vestibulum eget vulputate ut ultrices vel augue vestibulum ante ipsum primis in;true;2017-04-25 04:13:33;2;false;system;2016-02-14 18:29:16;;2017-06-01 13:35:11
140;William Sanchez;2017-07-15 14:25:09;2017-12-21 16:00:20;orci eget orci vehicula condimentum curabitur in;true;2017-02-27 16:45:59;2;false;system;2016-09-27 06:26:28;;2017-03-21 04:13:13
141;Louis Sanchez;2017-01-04 10:54:39;2017-08-16 17:52:26;vestibulum ante ipsum primis in faucibus orci luctus et ultrices posuere cubilia curae nulla dapibus;true;2017-12-22 17:06:49;1;false;system;2016-04-22 03:11:10;;2017-06-07 17:41:47
142;Christine Ramos;2017-09-02 04:17:32;2017-02-28 22:57:01;lorem quisque ut erat curabitur;true;2017-09-17 09:07:13;2;false;system;2016-03-28 01:42:05;;2017-09-23 14:24:29
143;Ralph Rice;2017-12-12 16:49:27;2017-02-13 09:16:18;tellus nisi eu orci mauris lacinia sapien quis libero nullam sit amet;true;2017-05-26 22:58:04;1;false;system;2016-03-25 03:55:36;;2017-04-12 19:16:48
144;Jennifer Griffin;2017-06-05 16:15:10;2018-01-09 08:08:21;hac habitasse platea dictumst aliquam augue quam;false;2017-08-11 14:15:01;2;false;system;2016-08-02 10:29:06;;2017-10-26 09:11:10
145;Tina Mccoy;2017-04-28 09:04:00;2017-02-28 07:02:11;sodales sed tincidunt eu felis fusce posuere felis sed lacus morbi sem mauris;false;2017-02-07 14:54:56;2;false;system;2016-07-06 11:03:05;;2017-11-01 08:51:40
146;Alice Lewis;2017-12-05 05:36:52;2017-11-09 18:48:25;ut rhoncus aliquet pulvinar sed nisl nunc rhoncus;false;2017-04-30 23:08:54;1;false;system;2016-02-29 18:05:26;;2017-07-02 23:52:34
147;Andrew Hamilton;2017-08-19 09:28:55;2017-12-29 23:17:59;ac nibh fusce lacus purus aliquet at feugiat non pretium quis lectus suspendisse potenti;true;2017-06-05 21:13:52;2;false;system;2016-07-05 13:39:03;;2017-04-05 07:50:01
148;Nicholas Fuller;2017-12-25 10:07:33;2017-11-01 16:52:06;ut nunc vestibulum ante ipsum;true;2017-10-10 02:57:49;2;false;system;2016-05-03 11:13:58;;2017-01-14 16:16:21
149;Harry Wilson;2018-01-01 03:59:38;2017-07-17 22:57:04;nec nisi vulputate nonummy maecenas tincidunt lacus at velit vivamus vel nulla eget eros;false;2017-07-10 17:39:20;2;false;system;2016-12-08 14:49:25;;2017-03-06 16:49:20
150;Antonio Sims;2017-01-01 09:34:22;2017-10-22 09:30:49;nulla ut erat id mauris vulputate elementum;false;2017-08-10 22:10:17;2;false;system;2016-02-18 20:55:33;;2017-04-05 14:28:29
151;Robin Simmons;2017-03-18 12:32:29;2017-12-29 11:57:05;tincidunt ante vel ipsum praesent blandit lacinia erat vestibulum sed magna at;true;2017-08-20 04:34:15;2;false;system;2016-12-01 03:19:14;;2017-05-30 19:04:38
152;Timothy Martin;2017-04-10 07:10:38;2017-01-10 19:55:50;lorem integer tincidunt ante vel ipsum praesent blandit lacinia erat vestibulum;true;2017-10-31 17:58:02;2;false;system;2016-11-20 11:03:34;;2017-11-13 00:24:01
153;Norma Hamilton;2017-12-18 00:57:33;2017-03-13 10:47:45;adipiscing elit proin interdum mauris;true;2017-04-17 10:02:12;2;false;system;2016-11-12 21:20:43;;2017-03-13 10:51:27
154;Martin Richards;2017-06-22 03:24:21;2017-05-17 07:09:55;ante ipsum primis in faucibus orci luctus et ultrices posuere cubilia;false;2017-11-23 09:13:47;2;false;system;2016-05-08 11:45:58;;2017-11-15 02:48:26
155;Anne Martinez;2017-12-27 01:22:43;2017-12-14 17:25:40;elementum pellentesque quisque porta volutpat erat quisque erat eros viverra eget;false;2017-03-11 13:46:21;1;false;system;2016-06-28 23:22:01;;2017-02-23 11:19:38
156;Sandra Dixon;2017-05-31 18:19:51;2017-07-14 22:09:06;odio donec vitae nisi nam ultrices libero non mattis pulvinar nulla pede;false;2017-11-14 20:18:47;1;false;system;2016-10-24 22:36:42;;2017-06-23 07:50:05
157;Roger Sanchez;2017-08-04 09:50:11;2017-05-30 23:04:36;non velit donec diam neque vestibulum eget vulputate;true;2017-03-13 10:19:01;1;false;system;2017-01-06 08:30:16;;2017-07-26 14:57:44
158;Martha Fox;2017-11-17 01:45:51;2017-07-19 17:43:45;purus aliquet at feugiat non pretium quis lectus suspendisse potenti;false;2017-04-17 22:05:16;2;false;system;2016-09-30 17:35:02;;2017-06-26 10:24:06
159;Stephen Flores;2017-11-02 07:49:16;2017-02-26 14:41:34;consectetuer adipiscing elit proin risus praesent lectus vestibulum;true;2017-01-07 16:58:02;1;false;system;2016-07-16 07:44:11;;2017-02-12 05:31:40
160;Frances Holmes;2017-08-20 22:00:55;2017-01-24 02:37:23;tellus semper interdum mauris ullamcorper purus sit;false;2017-11-28 13:20:26;1;false;system;2016-03-16 02:51:39;;2018-01-12 18:40:53
161;Gloria Morales;2017-06-18 18:10:27;2017-04-22 13:29:17;in faucibus orci luctus et ultrices posuere cubilia curae mauris viverra diam;false;2017-04-03 00:17:23;1;false;system;2016-01-29 01:33:54;;2017-04-01 19:46:25
162;Rachel Reynolds;2017-06-18 05:52:43;2017-09-18 18:01:36;diam vitae quam suspendisse potenti nullam porttitor lacus at turpis donec;false;2017-07-29 13:47:22;2;false;system;2016-05-31 20:26:11;;2017-03-12 16:21:16
163;Patricia Freeman;2017-09-02 22:47:56;2017-06-14 09:48:05;nibh in quis justo maecenas rhoncus aliquam lacus morbi quis tortor id nulla;true;2017-02-11 00:58:28;1;false;system;2016-02-11 09:10:24;;2017-03-30 22:30:55
164;Robert Turner;2018-01-08 23:31:23;2017-11-11 03:02:49;orci luctus et ultrices posuere cubilia;true;2017-01-24 14:18:03;2;false;system;2016-03-17 18:57:48;;2017-03-01 04:00:21
165;Anne Morales;2017-10-17 20:11:53;2017-06-17 00:00:03;dolor morbi vel lectus in;false;2017-02-28 23:39:30;2;false;system;2016-06-05 12:03:43;;2017-01-24 21:18:59
166;Philip Hernandez;2017-02-12 11:14:54;2017-04-16 17:47:43;justo in blandit ultrices enim lorem ipsum dolor sit amet consectetuer adipiscing;true;2017-12-07 15:10:26;2;false;system;2017-01-06 04:00:14;;2017-09-09 14:36:55
167;Annie Martin;2017-09-15 03:31:26;2017-04-13 14:48:44;vel lectus in quam fringilla rhoncus mauris enim leo rhoncus sed;true;2017-06-13 07:49:22;2;false;system;2016-09-24 00:17:14;;2017-01-22 18:29:31
168;Anna Mitchell;2017-03-24 04:20:01;2017-11-26 23:34:56;ante ipsum primis in faucibus orci luctus et ultrices posuere cubilia curae mauris viverra diam;false;2017-02-01 02:06:50;2;false;system;2016-01-22 01:26:39;;2017-09-19 16:12:22
169;Julie Ellis;2017-05-06 17:10:24;2017-01-16 21:16:07;curabitur gravida nisi at nibh in hac habitasse platea dictumst aliquam augue;false;2017-08-26 01:54:24;2;false;system;2016-08-23 08:12:01;;2017-03-17 08:47:34
170;Elizabeth Mendoza;2017-05-21 04:17:23;2017-07-13 02:44:08;sollicitudin ut suscipit a feugiat et eros vestibulum ac;true;2017-12-05 00:04:55;2;false;system;2017-01-04 04:16:03;;2017-05-18 13:38:43
171;Mildred Kim;2017-04-15 21:45:07;2017-09-17 08:58:40;consectetuer eget rutrum at lorem integer tincidunt ante vel ipsum praesent blandit lacinia erat;true;2017-12-18 14:11:55;2;false;system;2016-08-18 07:22:30;;2017-05-22 18:26:04
172;Ralph Russell;2017-02-25 16:26:49;2017-09-27 12:12:30;sapien urna pretium nisl ut;false;2017-10-09 12:17:42;2;false;system;2016-05-23 21:16:20;;2017-05-25 13:00:54
173;Scott Peters;2017-03-03 21:02:17;2017-02-10 11:13:29;neque vestibulum eget vulputate ut;false;2017-08-21 10:45:40;2;false;system;2017-01-06 02:41:25;;2017-10-30 23:12:12
174;Rachel Nelson;2017-11-03 22:44:53;2018-01-07 11:03:00;dui proin leo odio porttitor id consequat in consequat ut nulla sed accumsan;false;2017-04-26 15:21:02;1;false;system;2016-04-13 02:10:11;;2017-05-06 22:30:51
175;Carolyn Nichols;2017-06-29 08:00:42;2017-10-24 23:17:22;nulla sed vel enim sit amet nunc viverra dapibus nulla suscipit ligula in lacus;false;2017-10-04 04:07:13;1;false;system;2016-05-30 18:02:55;;2017-07-10 00:06:07
176;Virginia Banks;2017-11-14 04:50:43;2017-11-27 06:03:46;rutrum rutrum neque aenean auctor gravida sem;true;2017-07-25 03:11:56;1;false;system;2016-04-17 13:03:50;;2017-08-14 03:08:28
177;Cynthia Garrett;2017-04-13 21:02:23;2017-05-06 04:55:55;vel nisl duis ac nibh fusce lacus purus aliquet at;true;2017-03-13 18:50:37;2;false;system;2016-04-24 09:24:35;;2017-12-15 10:36:56
178;Joseph Hunt;2017-01-24 07:53:18;2017-11-07 04:56:50;ante ipsum primis in faucibus orci luctus et;false;2017-12-29 22:53:45;2;false;system;2016-12-30 04:00:57;;2017-04-09 08:21:21
179;Janice Murphy;2017-04-05 20:30:04;2017-11-13 20:24:16;morbi non lectus aliquam sit amet diam in magna bibendum imperdiet nullam orci pede venenatis;true;2017-03-14 21:35:00;2;false;system;2016-02-06 00:46:24;;2017-08-12 17:46:57
180;Gary Cook;2017-10-22 07:59:59;2017-04-05 23:12:58;orci pede venenatis non sodales sed tincidunt eu felis fusce posuere;false;2017-02-19 20:08:31;2;false;system;2016-09-05 00:13:12;;2017-01-29 13:11:52
181;Brian Bradley;2017-07-03 15:58:12;2017-07-05 13:24:52;justo aliquam quis turpis eget elit sodales scelerisque mauris sit amet eros suspendisse;false;2017-11-11 19:55:53;1;false;system;2016-02-17 22:20:10;;2017-05-20 16:55:47
182;Ruby Sanders;2017-02-09 20:45:39;2018-01-12 06:35:38;vulputate vitae nisl aenean lectus pellentesque;false;2017-11-18 07:02:35;2;false;system;2016-11-14 20:30:32;;2017-04-14 01:38:20
183;Carolyn Reynolds;2017-01-31 15:56:12;2017-12-10 19:05:28;ipsum dolor sit amet consectetuer adipiscing;true;2017-07-03 04:14:32;1;false;system;2016-06-08 12:06:04;;2017-02-25 01:24:12
184;Steve Fernandez;2017-08-15 22:23:11;2017-06-04 03:21:35;curabitur convallis duis consequat dui nec nisi volutpat eleifend;true;2017-10-30 11:30:25;2;false;system;2016-11-16 14:07:13;;2017-06-19 21:49:53
185;William Ray;2017-02-26 09:10:06;2017-01-04 08:43:28;ut odio cras mi pede malesuada in imperdiet et commodo vulputate justo in;false;2017-05-05 12:38:49;1;false;system;2016-10-15 22:25:09;;2018-01-10 02:52:21
186;Victor Kelley;2017-12-02 21:34:47;2017-11-25 13:38:20;mauris lacinia sapien quis libero nullam sit amet turpis;false;2017-10-14 14:57:43;2;false;system;2016-03-08 14:38:21;;2017-07-20 22:15:59
187;Jennifer Pierce;2017-06-22 08:03:09;2017-07-18 04:40:23;et ultrices posuere cubilia curae nulla dapibus dolor vel est donec odio justo sollicitudin ut;false;2017-02-25 03:07:41;1;false;system;2016-10-20 21:33:08;;2017-03-20 16:02:20
188;Shawn Romero;2017-11-01 04:08:24;2017-08-03 02:55:34;tortor duis mattis egestas metus aenean fermentum donec ut mauris eget massa tempor;true;2017-02-01 19:26:11;2;false;system;2016-05-13 00:47:40;;2017-07-19 12:05:27
189;David Hill;2017-02-11 01:09:12;2017-09-04 19:50:47;pellentesque volutpat dui maecenas tristique est et tempus semper est quam;false;2017-09-28 05:50:19;1;false;system;2016-05-30 01:46:13;;2017-02-09 00:04:20
190;Jose Reid;2017-02-13 11:40:15;2017-09-30 13:06:22;porttitor lacus at turpis donec;true;2017-07-18 08:04:47;1;false;system;2016-05-11 11:33:24;;2017-07-13 11:52:14
191;Virginia Powell;2017-09-01 11:50:13;2017-08-14 19:49:15;augue aliquam erat volutpat in congue etiam justo etiam pretium iaculis justo in hac;true;2017-06-06 10:10:45;2;false;system;2016-03-28 21:55:08;;2017-02-24 20:30:25
192;Harry Harrison;2017-06-18 12:43:23;2017-01-17 19:27:31;erat id mauris vulputate elementum nullam varius nulla facilisi cras non velit nec;false;2017-02-09 15:11:11;1;false;system;2016-07-17 11:24:00;;2017-04-10 17:35:01
193;Henry Morales;2017-10-06 10:27:17;2017-05-30 19:57:49;ultrices aliquet maecenas leo odio;true;2017-02-16 19:20:52;1;false;system;2017-01-04 16:23:26;;2017-09-29 16:06:54
194;Shawn Carr;2017-07-19 01:02:08;2017-02-06 12:19:04;curabitur at ipsum ac tellus semper interdum mauris ullamcorper purus sit amet nulla quisque arcu;false;2017-05-18 11:05:22;1;false;system;2016-03-11 05:29:48;;2017-01-27 12:37:27
195;Frances Hunter;2017-08-28 23:19:21;2017-12-02 02:27:01;odio odio elementum eu interdum eu tincidunt;false;2017-03-23 09:53:49;2;false;system;2016-08-04 02:26:11;;2017-04-21 03:37:04
196;Ernest Bradley;2017-07-23 19:16:36;2017-11-22 08:36:56;diam nam tristique tortor eu;false;2017-04-14 03:44:09;2;false;system;2016-09-07 01:52:44;;2017-09-02 16:14:21
197;Johnny Bailey;2017-09-27 10:04:59;2017-07-06 06:09:32;donec odio justo sollicitudin ut;true;2017-11-09 17:08:49;1;false;system;2016-07-04 00:18:18;;2017-07-27 12:47:27
198;Harold Morris;2017-03-14 14:00:58;2017-01-24 10:44:10;hendrerit at vulputate vitae nisl aenean lectus pellentesque eget nunc;true;2017-12-14 03:26:49;2;false;system;2016-07-23 08:09:18;;2017-12-21 06:46:28
199;Ann Mitchell;2017-08-07 09:30:47;2017-05-08 02:00:55;in faucibus orci luctus et ultrices posuere;true;2017-07-26 16:26:01;2;false;system;2016-08-04 02:36:34;;2017-02-22 02:43:11
200;Henry Evans;2017-05-03 08:23:45;2017-11-17 09:29:33;felis ut at dolor quis odio consequat varius integer ac;true;2017-10-10 22:33:55;1;false;system;2016-10-13 15:28:11;;2017-03-14 05:51:04
