id;acctno;name;address;address_2;city;state;zip;phone;i_type;etin;del_status;created_by;last_modified_by;created_date;last_modified_date
1;MCAID;MEDICAID;PO BOX  7072;;Tallahasse;FL;323147072;1850201120;MCAID;77027;false;system;system;now();now()
2;HUMAN;HUMANA;;;;;;;INGENIX;;false;system;system;now();now()
3;MCARE;MEDICARE PART B;PO BOX 2360;;JACKSONVILLE;FL;32231;;MCARE;;false;system;system;now();now()
4;AVMED;AVMED;;;;;;;INGENIX;ETIN;false;system;system;now();now()
5;AMERI;AMERIGROUP MCARE ;PO BOX 61010;;VIRGINIA BEACH;VA;23466;;;;false;system;system;now();now()
6;CIGNA PPO;CIGNA PPO;PO BOX 182223;;CHATANOOGA;TN;37422;;;;false;system;system;now();now()
7;74297;AZ METAL TRADES;;;;;;;;;false;system;system;now();now()
8;AVM07;AVMED-AVM07;PO Box 569004; ;MIAMI;FL;33256;;;;false;system;system;now();now()
9;58208;PROGRESSIVE INSURANCE;4021 TAMPA RD;;OLDSMAR;FL;34677;;;;false;system;system;now();now()
10;62123;BETTER HEALTH PLA;PO BOX 211665; ;EAGAN;MN;55121;;;;false;system;system;now();now()
11;31114;CARESOURCE;PO BOX 1307; ;DAYTON;OH;45401;;;;false;system;system;now();now()
12;06197;CONNECTICARE;PO BOX 30757;;SLC;UT;84130;;;;false;system;system;now();now()
13;58205;COORD MED SPECIAL;;;;;;;;;false;system;system;now();now()
14;87777;EVERCARE;PO BOX 31361;;SALT LAKE CITY;UT;841310361;;;;false;system;system;now();now()
15;87090;FIRST HEALTH;PO BOX 8400;;LONDON;KY;40742;;;;false;system;system;now();now()
16;75216;GEISINGER HEALTH;PO BOX 8200; ;DANVILLE;PA;178218200;;;;false;system;system;now();now()
17;44033;GEHA;PO BOX 4665;;INDEPENDENCE;MO;64051;;;;false;system;system;now();now()
18;04266;HARVARD PILGRIM;P.O.  30783;;SALT LAKE CITY;UT;841300783;;;;false;system;system;now();now()
19;71014;HEALTHSCOPE BENEF;PO BOX 71063;;LUBBOCK;TX;79490;;;;false;system;system;now();now()
20;95858;HUMANA MEDICARE;PO BOX 14610; ;LEXINGTON;KY;40512;;;;false;system;system;now();now()
21;FLM43;FL MEDICAID;;;;;;;;;false;system;system;now();now()
22;06177;OXFORD HEALTH PLA;;;;;;;;;false;system;system;now();now()
23;38256;PRIORITY HEALTH;PO BOX 232 ;;GRAND RAPIDS;MI;49501;;;;false;system;system;now();now()
24;23374;QUALCARE;PO BOX 249; ;PISCATAWAY;NJ;08855;;;;false;system;system;now();now()
25;SWE23;STAYWELL;PO BOX 31372; ;TAMPA;FL;33631;;;;false;system;system;now();now()
26;95233;SUMMACARE HEALTH;PO BOX 3620; ;AKRON;OH;44309;;;;false;system;system;now();now()
27;87770;UBH METRAHEALTH;21150 BISCAYNE BLVD; ;MIAMI;FL;33180;;;;false;system;system;now();now()
28;65078;UNICARE;PO BOX 9016; ;ANDOVER;MA;01810-091;;;;false;system;system;now();now()
29;74003;USAA;PO BOX 5000; ;DAPHNE;AL;36526;;;;false;system;system;now();now()
30;UHC90;UHC OF CO;PO BOX 740800; ;ATLANTA;GA;30374;;;;false;system;system;now();now()
31;99964;TRICARE;PO BOX 7031;;CAMDEN;SC;29020;;;;false;system;system;now();now()
32;WEL41;WELLCARE;PO BOX 31372; ;TAMPA;FL;33631;;;;false;system;system;now();now()
33;CO000;CORESOURCE;P O BOX 1195;;MINNEAPOLIS;MN;55440;;;;false;system;system;now();now()
34;GR000;GREAT WEST HEALTHCARE;P O BOX 11111; ;FT SCOTT;KS;66701;;;;false;system;system;now();now()
35;PH000;PHCS;P O BOX 44109;;LAS VEGAS;NV;89116;;;;false;system;system;now();now()
36;ST000;STATE FARM INSURANCE COMPANIES  GROUP MEDICAL;PO BOX 2700;;BLOOMINGTON;IL;61702;;;;false;system;system;now();now()
37;CC000;CCMSI;PO BOX 1430;;DANVILLE;IL;618341430;;;;false;system;system;now();now()
38;CH000;CHAMPVA;PO BOX 65024;;DENVER;CO;802069024;;;;false;system;system;now();now()
39;NH000;NHP;PO BOX 025680;;MIAMI;FL;331025680;;;;false;system;system;now();now()
40;PL000;PLUMBERS AND PIPEFITTERS LOCAL UNION NO.630;PO BOX 5190;;TAMPA;FL;336755190;;;;false;system;system;now();now()
41;TU000;TUFTS HEALTH PLAN;PO BOX 9185; ;WATERTOWN;MA;24719185;;;;false;system;system;now();now()
42;GH001;GHI;PO BOX 3000; ;NEW YORK;NY;10116;;;;false;system;system;now();now()
43;SE002;SEDGWICK/CMS;PO BOX 14515;;LEXINGTON;KY;40512;;;;false;system;system;now();now()
44;UN005;UNITED HEALTH CARE;PO BOX 740800; ;ATLANTA;GA;30374;;;;false;system;system;now();now()
45;BL000;BLUE CROSS BLUE SHIELD;400 RIVERCHASE PARKWAY E;;BIRMINGHAM;AL;35244;;;;false;system;system;now();now()
46;PR005;PREFERRED CARE PARTNERS;PO BOX 565790; ;MIAMI;FL;33256;;;;false;system;system;now();now()
47;AE000;AETNA;PO BOX 14079; ;LEXINGTON;KY;40512-407;;;;false;system;system;now();now()
48;CI000;CIGNA;PO BOX 182223; ;CHATTANOOGA;TN;37422;;;;false;system;system;now();now()
49;BL001;BLUE CROSS AND BLUE SHIELD;PO BOX 1798; ;JACKSONVILLE;FL;32231;;;;false;system;system;now();now()
50;ME000;MET LIFE INSURANCE AUTO;PO BOX 30018;;TAMPA;FL;30018;;;;false;system;system;now();now()
51;CH002;CHUBB HEALTH INSURANCE;PO BOX  4700;;CHESAPEAKE;VA;23327;;;;false;system;system;now();now()
52;EM001;EMBLEM HEALTH;PO BOX 2832;;NEW YORK;NY;10116;;;;false;system;system;now();now()
53;MA000;MAGNACARE;PO BOX 1001; ;GARDEN CITY;NY;11530;;;;false;system;system;now();now()
54;TH005;THE EMPIRE PLAN;;;;  ;;;;;false;system;system;now();now()
55;TP000;WEB TPA;PO BOX 1928; ;GRAPEVINE;TX;76099;;;;false;system;system;now();now()
56;CO008;COVENTRY HEALTH CARE OF FLORIDA;PO BOX 7807; ;LONDON;KY;40742;;;;false;system;system;now();now()
57;UN013;UNITED HEALTHCARE;PO-BOX-31354;;SALT LAKE CITY;UT;841310354;;;;false;system;system;now();now()
58;UM000;UMR;PO BOX 30530; ;SALT LAKE CITY;UT;841300530;;;;false;system;system;now();now()
59;OX000;OXFORD HEALTH;PO BOX 29130; ;HOT SPRINGS;AR;71903;;;;false;system;system;now();now()
60;SU000;SUNSHINE STATE HC;PO Box 3070; ;Farmington;MO;63640;;;;false;system;system;now();now()
61;MO000;MOLINA;PO BOX 22719;;LONG BEACH;CA;90801;;;;false;system;system;now();now()
62;VA000;VALUE OPTIONS ;ATTN CLAIMS;PO BOX 1830;LATHAN;NY;12110;;;;false;system;system;now();now()
63;AM002;AMERIHEALTH;720 BLAIR RD.; ;HORSHAM;PA;19044;;;;false;system;system;now();now()
64;CO010;COVENTRY HEALTHCARE;PO BOX 8400; ;LONDON;KY;40742;;;;false;system;system;now();now()
65;BC001;BCBS / FEDERAL;PO BOX 660044; ;DALLAS;TX;752660044;;;;false;system;system;now();now()
66;ME004;MEDICAL MUTUAL OF OHIO;PO BOX 6018;;CLEVELAND;OH;44101;;;;false;system;system;now();now()
67;CA005;CAREPLUS HEALTH PLANS;11430 NW 20 ST  STE 300; ;DORAL;FL;33172;;;;false;system;system;now();now()
68;HH000;HEALTH PARTNERS;PO BOX 1289; ;MINNEAPOLIS;MN;55440;;;;false;system;system;now();now()
69;TH007;THE HARTFORD;PO BOX 14170;;LEXINGTON;KY;40512;;;;false;system;system;now();now()
70;AA000;AARP;PO BOX 31362; ;SALT LAKE CITY;UT;84131;;;;false;system;system;now();now()
71;FR000;FREEDOM LIFE INS CO;PO BOX 1468; ;ARLINGTON;TX;76004;;;;false;system;system;now();now()
72;CO012;COMPSYCH;PO BOX 8379; ;CHICAGO;IL;60680;;;;false;system;system;now();now()
73;CI003;CIGNA OPEN ACCESS;PO Box 182223; ;CHATTANOOGA;TN;37422;;;;false;system;system;now();now()
74;AS000;ASSURANT HEALTH;PO Box 3050; ;MILWAULKEE;WI;53203;;;;false;system;system;now();now()
75;ME005;MERITAIN/AETNA;PO BOX 27267; ;MINNEAPOLIS;MN;55427;;;;false;system;system;now();now()
76;AM003;AMERIGROUP;PO BOX 61010; ;VIRGINIA BEACH;VA;23466;;;;false;system;system;now();now()
77;AM005;AMERIBEN;PO BOX 7186;;BOSIE;ID;83707;;;;false;system;system;now();now()
78;ME007;MEDICA HEALTH PLANS;PO BOX 145330;;CORAL GABLES;FL;33114;;;;false;system;system;now();now()
79;AP000;APWU HEALTH PLAN;PO BOX  1358;;GLEN BURNIE;MD;21060;;;;false;system;system;now();now()
80;libe;LIBERTY MUTUAL;PO BOX 7203; ;LONDON;KY;40742;;;;false;system;system;now();now()
81;BU001;BUNCH AND ASSOC WORKERS COMP;3500 REYNOLDS RD;;LAKELAND;FL;33802;;;;false;system;system;now();now()
82;AL004;ALLIED BENEFIT SYS;PO BOX 909786;;CHICAGO;IL;60690;;;;false;system;system;now();now()
83;mail;MAIL HANDELERS BENEFIT;PO BOX 8402;;LONDON;KY;40742;;;;false;system;system;now();now()
84;AI000;AIG;PO BOX 1822; ;ALPHARETTA;GA;30023;;;;false;system;system;now();now()
85;RA000;RAILROAD MEDICARE;PO BOX 10066; ;AUGUSTA;GA;30999;;;;false;system;system;now();now()
86;SI000;SIMPLY HEALTH CARE;PO BOX 21535;;EAGAN;MN;55121;;;;false;system;system;now();now()
87;HO003;HORIZON;PO BOX 5172; ;COLUMBIA;MD;21045;;;;false;system;system;now();now()
88;HE015;HEALTH AMERICA;PO BOX 7802; ;LONDON;KY;40742;;;;false;system;system;now();now()
89;SI001;SIMPLY COMPLETE HMO;P.O. BOX 21535; ;EAGAN;MN;55121;;;;false;system;system;now();now()
90;BL002;BLUE CROSS BLUE SHIELD NJ;PO BOX 1798; ;JACKSONVILLE;FL;32231;;;;false;system;system;now();now()
91;MH000;MH NET;PO Box 7802;;LONDON;KY;40742;;;;false;system;system;now();now()
92;UN023;UNITED HEALTH INTERGRATED PPO;PO BOX 30783; ;SALT LAKE CITY;UT;84130;;;;false;system;system;now();now()
93;HO005;HORIZON BCBS;PO BOX 1798; ;JACKSONVILLE;FL;32231;;;;false;system;system;now();now()
94;UH000;UHC OXFORD;;;;  ;;;;;false;system;system;now();now()
95;AN001;ANTHEM BC/BS;P.O. BOX 1798;;JACKSONVILLE;FL;322310014;;;;false;system;system;now();now()
96;JO000;JOHN HOPKINS HEALTHCARE CLASSIC PLAN;JOHN HOPKINS 6704 CURTIS CT;;GLEN BURNIE;MD;;;;;false;system;system;now();now()
97;OX001;OXFORD UBH;;;;  ;;;;;false;system;system;now();now()
98;BL003;BLUE CROSS BLUE PLAN PPO;PO BOX 1798; ;JACKSONVILLE;FL;32231;;;;false;system;system;now();now()
99;MA010;MAGELLAN MEDICAID;PO BOX 2097; ;MARYLAND HEIGHTS;MO;63043;;;;false;system;system;now();now()
100;HI001;HIGHMARK BCBS;LOCAL;;;  ;;;;;false;system;system;now();now()
101;BL004;BLUE CROSS;PO BOX 1798; ;JACKSONVILLE;FL;32231;;;;false;system;system;now();now()
102;SO004;SOUTH FLORIDA COMMUNITY CARE;P O BOX 21128; ;FT LAUDERDALE;FL;33335;;;;false;system;system;now();now()
103;FL003;FLORIDA BLUE;PO BOX 1798;;JACKSONVILLE;FL;32231;;;;false;system;system;now();now()
104;VO000;VO;;;;  ;;;;;false;system;system;now();now()
105;AU000;AUXIANT HEALTH PARTNER;225 Second Street SE Suite 50; ;Cedar Rapids;IA;52401;;;;false;system;system;now();now()
106;EM006;EMPIRE PLAN UBH;PO BOX 1600; ;KINGSTON;NY;12402;;;;false;system;system;now();now()
107;UH005;UHC EMPIRE PLAN CARVED OPTUM HEALTH;PO BOX 5190;;KIGSTON;NY;30500;;;;false;system;system;now();now()
108;UB003;UBH;PO BOX 30555; ;SALT LAKE CITY;UT;841300555;;;;false;system;system;now();now()
109;HE017;HEALTHSUN;PO BOX 660143;;DALLAS;TX;75266;;;;false;system;system;now();now()
110;NO003;NO INSURANCE/ VERIFIED;;;;  ;;;;;false;system;system;now();now()
111;SU001;SUMMIT;PO BOX 459014;;SUNRISE;FL;33345;;;;false;system;system;now();now()
112;UH006;UHC;PO BOX 740800; ;ATLANTA;GA;30374;;;;false;system;system;now();now()
113;BC004;BCBS;PO BOX 1798; ;JACKSONVILLE;FL;32231;;;;false;system;system;now();now()
114;OX006;OXFORD;PO BOX 29130;;HOT SPRINGS;AR;71903;;;;false;system;system;now();now()
115;MA011;MAGELLAN;PO BOX 2097; ;MARYLAND HEIGHTS;MO;63043;;;;false;system;system;now();now()
116;ME015;MEDICAL MUTUAL PPO;PO BOX 6018; ;CLEVELAND;OH;44101;;;;false;system;system;now();now()
117;IN008;INDEPENDENCE BLUE CROSS;;;;  ;;;;;false;system;system;now();now()
118;CA009;CAREFIRST BCBS;PO BOX 14116; ;LEXINGTON;KY;40612;;;;false;system;system;now();now()
119;ME018;MEDBEN;PO BOX 1129; ;NEWARK;OH;43058;;;;false;system;system;now();now()
120;EM007;EMPIRE;;;;  ;;;;;false;system;system;now();now()
121;AU001;AULTCARE;PO BOX 6910;;CANTON;OH;44706;;;;false;system;system;now();now()
122;BE012;BEACON HEALTH STRATEGIES;PO BOX 9185; ;WATERTOWN;MA;2471;;;;false;system;system;now();now()
123;AL005;LBA HEALTH PLAN;PO BOX 981801; ;EL PASO;TX;79998;;;;false;system;system;now();now()
124;BE013;BEST CHOICE PLUS;PO BOX 21128; ;FT LAUDERDALE;FL;33335;;;;false;system;system;now();now()
125;FR001;FREEDOM HEALTH PLAN MCR;P O BOX 151348; ;TAMPA;FL;33684;;;;false;system;system;now();now()
126;EM008;EMPIRE BCBS;PO BOX 1798; ;JACKSONVILLE;FL;32231;;;;false;system;system;now();now()
127;AA001;AARP MEDICARE COMPLETE;PO BOX 31362; ;SALT LAKE CITY;UT;84131;;;;false;system;system;now();now()
128;DE001;DEPARTMENT OF LABOR;PO BOX 8300; ;LONDON;KY;40742;;;;false;system;system;now();now()
129;SE004;SECURE HORIZONS;P.O. BOX 31361;;SALT LAKE CITY;UT;84131;;;;false;system;system;now();now()
130;CO024;COMP ONE;725 BOARDMAN CANFIELD RD SUITE A3; ;BOARDMAN;OH;483754451;;;;false;system;system;now();now()
131;HA002;HARTFORD- WORKERS COMP;PO BOX 31001; ;TAMPA;FL;33631;;;;false;system;system;now();now()
132;BR001;BROADSPIRE;PO BOX 14645; ;LEXINGTON;KY;40512;;;;false;system;system;now();now()
133;ON001;ONE BEACON INSURANCE;PO BOX 302; ;BUFFALO;NY;14240;;;;false;system;system;now();now()
134;SP001;SPECIALTY RISK SVS- WORKERS COMP;PO BOX 14522; ;LEXINGTON;KY;40512;;;;false;system;system;now();now()
135;FC000;FCCI WORKERS COMP;PO BOX 58004; ;SARASOTA;FL;34232;;;;false;system;system;now();now()
136;TR000;TRAVELERS- WORKERS COMP;PO BOX 3570; ;BRANDON;FL;33509-980;;;;false;system;system;now();now()
137;GA001;GALLAGHER BASSETT- WORKERS COMP;PO BOX 23812; ;TUCSON;AZ;85734;;;;false;system;system;now();now()
138;UH008;UHC AARP MEDICARE COMPLETE;PO BOX 31362;;SALT LAKE;UT;84131;;;;false;system;system;now();now()
139;EM009;EMPIRE/UHC;;;;;;;;;false;system;system;now();now()
140;OX007;OXFORD UHC;;;;  ;;;;;false;system;system;now();now()
141;AM007;AMERISYS;PO BOX 160729; ;ALTAMONTE SPRING;FL;32716;;;;false;system;system;now();now()
142;CO025;CORVEL;3001 NE BROADWAY STREET; #610; ;MINNEAPOLIS;MN;55413-265;;;false;system;system;now();now()
143;CO026;COMPMANAGEMENT HEALTH SYSTEM;PO BOX 1040; ;DUBLIN;OH;43017;;;;false;system;system;now();now()
144;SU003;SUMMIT CLAIMS CENTER;PO BOX 2928; ;LAKELAND;FL;33806;;;;false;system;system;now();now()
145;HA003;HARTFORT;PO BOX 14187; ;LEXINGTON;KY;40512;;;;false;system;system;now();now()
146;HE023;HEALTH SMART;PO BOX 2451; ;CHARLESTON;WV;25329;;;;false;system;system;now();now()
147;HO010;HORIZON CASUALTY SERVICES;PO BOX 10175;;NEWARK;NJ;07101;;;;false;system;system;now();now()
148;BC006;BCBS ANTHEM;;;;  ;;;;;false;system;system;now();now()
149;HA004;HANOVER INS GROUP;PO BOX 15144; ;WORCESTER;MA;01615;;;;false;system;system;now();now()
150;AL007;ALLSTATE INS CO.;PO BOX 12055 1919 ELECTRIC RD; ;ROANKE;VA;24018;;;;false;system;system;now();now()
151;AD003;ADVENTIST HEALTH SYSTEMS;900 HOPE WAY; ;ALTIMA SPRING;FL;32714;;;;false;system;system;now();now()
152;SE005;SEDWICK INS;PO BOX 14152;;LEXINGTON;KY;40512;;;;false;system;system;now();now()
153;AL008;ALLSTATE INS;PO BOX 2874; ;CLINTON;IA;52733;;;;false;system;system;now();now()
154;PR012;PRESTIGE HEALTH CARE;PO BOX 6018; ;HAUPPAUGE;NY;11788;;;;false;system;system;now();now()
155;HE024;HEALTH SCOPE;PO BOX 99005; ;LUBBOCK;TX;79490;;;;false;system;system;now();now()
156;HA005;HARVARD PILGRIM HEALTH CARE;;;;  ;;;;;false;system;system;now();now()
157;MA014;MASS HEALTH;PO BOX 9152;;CANTON;MA;02021;;;;false;system;system;now();now()
158;NO006;NORTH AMERICAN RISK;PO BOX 166002; ;ALTAMONTE SPRINGS;FL;32716;;;;false;system;system;now();now()
159;ZU000;ZURICH NORTH AMERICAN CLAIMS (W/C);P O BOX 968023; ;SCHAUMBURG;IL;60196;;;;false;system;system;now();now()
160;MV001;MVP HEALTH CARE;PO BOX 2207; ;SCHENECTADY;NY;12301;;;;false;system;system;now();now()
161;SE006;SEDGEWICK;PO BOX 14434; ;LEXINGTON;KY;40512;;;;false;system;system;now();now()
162;ES001;ESIS TAMPA;PO BOX 6560; ;SCRATON;PA;18505;;;;false;system;system;now();now()
163;US002;USIS;PO BOX 616648; ;ORLANDO;FL;32861;;;;false;system;system;now();now()
164;GE003;GEICO;202 354 5295;;;;;;;;false;system;system;now();now()
165;SE007;SEDGWICK ;PO BOX 14565; ;LEXINGTON;KY;40512;;;;false;system;system;now();now()
166;CA012;CAREWORKS;PO BOX 182726; ;COLUMBUS;OH;43218;;;;false;system;system;now();now()
167;RI001;RISK ENTERPRISE;PO BOX 8020;;TALLAHASSEE;FL;32314;;;;false;system;system;now();now()
168;OP003;OPTIMUM HLTH CARE HMO;PO BOX 151258; ;TAMPA;FL;33684;;;;false;system;system;now();now()
169;JO001;JOHNS EASTERN CO- WOREKERS COMP;PO BOX 110279; ;LAKEWOOD RANCH;FL;34211;;;;false;system;system;now();now()
170;MV002;MVP;PO BOX 2207;;SCHENECTADY;FL;12301;;;;false;system;system;now();now()
171;10613;STATE FARM AUTO INS;PO BOX 106135;;ATLANTA;GA;30348;;;;false;system;system;now();now()
172;31307;DIRECT GENERAL INSURANCE;PO Box 31307;;TAMPA;FL;33631;;;;false;system;system;now();now()
173;48909;AUTO OWNERS INS;PO BOX 13409;;TALLAHASSEE;FL;32317;;;;false;system;system;now();now()
174;PMA01;PMA COMPANY- WORKERS COMP;P.O. Box 5231 ;;JANESVILLE;WI;53547;;;;false;system;system;now();now()
175;PRO01;PROGRESSIVE INS;901 NORTH LAKE DESTENY RD;;MAYTLAND;FL;32751;;;;false;system;system;now();now()
176;40742;US DEPARTMENT OF LABOR;PO BOX 8300;;LONDON;KY;40742;;;;false;system;system;now();now()
177;33134;PREFERRED MEDICAL PLAN;4950 SW 8th Street;;CORAL GABLES;FL;33124;;;;false;system;system;now();now()
178;52733;ALLSTATE PIP MEDPAY;4443 LYONS ROAD SUITE 2018;;COCONUT CREEK;FL;33073;;;;false;system;system;now();now()
179;12180;TRIAD GROUP WC;185 JORDAN RD;;TROY;NY;12180;;;;false;system;system;now();now()
180;31208;GEICO AUTO;PO BOX 9091;;MACON;FL;32108;;;;false;system;system;now();now()
181;33802;PUBLIX RISK MANAGEMENT;PO BOX 8020;;TALLAHASSEE;FL;32314;;;;false;system;system;now();now()
182;33684;FREEDOM HEALTH;;;;;;;;;false;system;system;now();now()
183;71903;GOLDEN RULE- UHC;;;;;;;;;false;system;system;now();now()
184;37422;CIGNA/NALC;P.O. Box 182223;;Chattanooga;TN;37422;;;;false;system;system;now();now()
185;32724;RISK MANAGEMENT PLANNING GRP;PO BOX 508;;MINEOLA;NY;11501;;;;false;system;system;now();now()
186;A3280;TRAVELERS;PO BOX 8924;;MELVILLE ;NY;11747;;;;false;system;system;now();now()
187;A3259;USAA LIFE INSURANCE COMPANY;PO BOX 5000;;DAPHNE;AL;36526;;;;false;system;system;now();now()
188;52100;UHC/NHP;PO BOX 5210;;KINGSTON;NY;12402;;;;false;system;system;now();now()
189;A1710;HEALTH FIRST HEALTH PLANS;PO BOX 219612; ;KANSAS CITY;MO;64121;;;;false;system;system;now();now()
190;B2014;NALC;;;;;;;;;false;system;system;now();now()
191;B1850;ESIS;PO BOX 6560;;SCRANTON;PA;18505;;;;false;system;system;now();now()
192;B8525;PREMIER HEALTH;;;;;;;;;false;system;system;now();now()
193;HU004;HUMANA-HU004;PO BOX 14601; ;LEXINGTON;KY;40512;;;;false;system;system;now();now()
194;UN006;UNITEDHEALTHCARE;PO BOX 7082; ;BRIDGOPORT;CT;6601;;;;false;system;system;now();now()
195;GO000;GOLDEN RULE INS-GO000;7440 WOODLAND DRIVE; ;INDIANAPOLIS;IN;46278;;;;false;system;system;now();now()
196;UN016;UNITED HEALTH CARE - SALT LAKE CITY;PO BOX 30555; ;SALT LAKE CITY;UT;841300555;;;;false;system;system;now();now()
197;QU002;QUALCARE-QU002;P O BOX 820;;PISCATAWAY;NJ;8855;;;;false;system;system;now();now()
198;R8574;CAREPLUS;PO BOX 31286;;TAMPA;FL;33631;;;;false;system;system;now();now()
199;99635;FIRST HEALTH- SEMINOLE TRIBE OF FL- INETICO;PO BOX 173129;;TAMPA;FL;33672;;;;false;system;system;now();now()
200;64786;WORKERS COMP OF AMERICA;PO BOX 160729;;ALTONTE;;32716;;;;false;system;system;now();now()
201;84131;ALL SAVERS INSURANCE;PO BOX 31375;;SALT LAKE CITY;UT;84131;;;;false;system;system;now();now()
202;S3570;ST PAUL TRAVELERS- WC;PO BOX 3570;;BRANDON;FL;33509;;;;false;system;system;now();now()
203;JKI56;CONNCETICARE  INSURANCE;PO BOX 546;;FARMINGTON;CT;06034;;;;false;system;system;now();now()
204;L5S62;PROVIDENCE HEALTH;PO BOX 3125;;PORTLAND;OR;97208;;;;false;system;system;now();now()
205;DFGE1;ZENITH WC;PO BOX 1558;;SARASOTA;FL;34230;;;;false;system;system;now();now()
206;155J5;WC- NEW JERSEY MANUFACTURERS INC;301 SULLIVAN WAY;;WEST TRENTON;NJ;08628;;;;false;system;system;now();now()
207;95F45;OCEAN HARBOR- AUTO; P.O. Box 452799;;SUNRISE;FL;33345;;;;false;system;system;now();now()
208;I001651;FMH CORESOURCE;PO BOX 25985;;OVERLAND PARKS;KS;662255946;;;;false;system;system;now();now()
209;I001688;SIMPLYHEALTHCARE;;;;;;;;;false;system;system;now();now()
210;I001690;TEAMCARE BCBS;PO BOX 1798;;JACKSONVILLE;FL;32231;;;;false;system;system;now();now()
211;I001691;KENTUCKY HEALTH COOPERATIVE MH NET;PO BOX 7802;;LONDON;KY;40742;;;;false;system;system;now();now()
212;I001695;PROGRESSIVE AUTO INSURANCE;7406 FULLERTON STREET;;JACKSONVILLE;FL;32256;;;;false;system;system;now();now()
213;I001697;BUNCH ASSOCIATES LLC;PO BOX 32045;;LAKELAND;FL;33802;;;;false;system;system;now();now()
214;I001698;FIRST COMP;PO BOX 3009;;OMAHA;NE;68103;;;;false;system;system;now();now()
215;I001699;NEW YORK STATE INS FUND;225 OAK ST;;BUFFALO;NY;14203;;;;false;system;system;now();now()
216;I001700;NSA COMP;14 LAFAYETTE SQUARE #700;;BUFFLO;NY;14203;;;;false;system;system;now();now()
217;I001702;HUMANA MEDICAID MANAGED CARE PLAN;;;;;;;;;false;system;system;now();now()
218;I001703;LIFEWELL;PO BOX 2920;;CLINTON;IA;52733;;;;false;system;system;now();now()
219;I001704;POPULYTICS;PO BOX 1830;;ALLENTOWN;PA;18105;;;;false;system;system;now();now()
220;I001706;CDPHP UNIVERSAL BENEFITS;PO BOX 66602;;ALBANY;NY;12006;;;;false;system;system;now();now()
221;I001708;M & P HEALTH AND BENEFITS;5700 HAMMONDS FERRY ROAD;;LINTHICUM HEIGHTS;MD;;;;;false;system;system;now();now()
222;I001710;MASSACHUSSETTS INS INSOL FUND;ONE BOWDOIN SQUARE;;BOSTON;MA;02114;;;;false;system;system;now();now()
223;I001712;WORKLINK;7737 SOUTHWEST FREEWAY SUITE C-99;;HOUSTON;TX;77074;;;;false;system;system;now();now()
224;I001714;LIBERTY MUTUAL GROUP;PO BOX 40742;;LONDON;KY;40742;;;;false;system;system;now();now()
225;I001715;WINDHAVEN AUTO;8550 NW 33rd St; Suite 300;;Doral;FL;33122;;;false;system;system;now();now()
226;I001716;AIM MUTUAL INSURANCE;PO BOX 4070;;BURLINGTON;MA;01803;;;;false;system;system;now();now()
227;I001717;SENTRY INSURANCE;PO BO 23260;;RICHMOND;VA;23260;;;;false;system;system;now();now()
228;I001719;CURTIN MURPHY;31 ST JAMES AVE ;;BOSTON;MA;02116;;;;false;system;system;now();now()
229;I001722;ACE AMERICA INSURANCE;PO BOX 6560;;SCRANTON;PA;18505;;;;false;system;system;now();now()
230;I001724;FMH SELECT HMO;PO BOX 25946;;Overland Park;KS;662255946;;;;false;system;system;now();now()
231;I001725;MERCURY INSURANCE;1901 ULMERTON RD;;CLEARWATER;FL;33762;;;;false;system;system;now();now()
232;I001726;FIRST ACCEPTANCE- AUTO;PO BOX 150769;;NASHVILLE;TN;15076;;;;false;system;system;now();now()
233;I001728;AAA MICHIGAN;PO BOX 2946;;CLINTON;IA;52733;;;;false;system;system;now();now()
234;I001729;APS HEALTHCARE;PO BOX 99;;LINTHICUM;MD;21090;;;;false;system;system;now();now()
235;I001730;SIERRA HEALTH/ HEALTH PLAN OF NV;PO BOX 15645;;LAS VEGAS;NV;89115;;;;false;system;system;now();now()
236;I001731;CORVEL MC;PO BOX 23127;;TAMPA;FL;33623;;;;false;system;system;now();now()
237;I001733;INFINITY INSURANCE- AUTO;PO BOX 830807;;Birmingham;AL;35283;;;;false;system;system;now();now()
238;I001735;WEGMANS;PO BOX 30844;;POCHESTER;NY;14603;;;;false;system;system;now();now()
239;I001737;SPEC FUNDS CONSERV COM BUF;PO BOX 5304;;BINGHAMTON;NY;13902;;;;false;system;system;now();now()
240;I001742;SECOND INJURY FUND;55 ELM STREET;;HARTMAN;CT;06106;;;;false;system;system;now();now()
241;I001744;STATE FARM;PO BOX 106140;;ATLANTA;GA;30348;;;;false;system;system;now();now()
242;I001745;MAIL STAFF MITCHELL  ESURANCCE 135680;PO BOX 2869;;CLINTON;IA;52733;;;;false;system;system;now();now()
243;I001746;INSURANCE ADMINISTRATOR OF AMERICA;;;;;;;;;false;system;system;now();now()
244;I001748;NCAS;3928 PENDER Drive  Ste. 100;;FAIRFAX;VA;22030;;;;false;system;system;now();now()
245;I001749;CHP- CIGNA;;;;;;;;;false;system;system;now();now()
246;I001754;T.H.E. INSURANCE;10451 GULF BLVD;;TREASURE ISLAND;FL;33706;;;;false;system;system;now();now()
247;I001763;MCS LIFE;PO BOX 9023547;;SAN JUAN;PR;00902;;;;false;system;system;now();now()
248;I001773;MEDSTAR SELECT;PO BOX 1200;;PITTSBURG;PA;15230;;;;false;system;system;now();now()
249;PHG001;PEARL HOLDING GROUP;PO BOX 452799;;SUNRISE;FL;33345;;;;false;system;system;now();now()
250;I000013;PASSPORT HEALTH;P.O. BOX 7114;;LONDON;KY;40742;;;;false;system;system;now();now()
251;I000009;FLORIDA MEDICAID;;;;;;;;;false;system;system;now();now()
252;I000014;BC/BS ANTHEM;;;ATLANTA;GA;;;;;false;system;system;now();now()
253;I000012;CELTICARE;P.O. BOX 3080;;FARMINGTON;MO;63640;;;;false;system;system;now();now()
254;I000006;EMPIRE BLUE CROSS BLUE SH;P.O. BOX 1407;CHURCH STREET STATION;NEW YORK;NY;100081407;;;;false;system;system;now();now()
255;I000018;PAI;16729 RISING STAR DRIVE;;CLERMONT;FL;34714;;;;false;system;system;now();now()
256;I000019;Unitedhealth Integrated Services;P.O. BOX 30783;;SALT LAKE CITY;UT;84300;;;;false;system;system;now();now()
257;I000020;MVP SELECT CARE;P.O. BOX 2207;;SCHENECTADY;NY;12301;;;;false;system;system;now();now()
258;I000021;CARE SOURCE;PO BOX 8738;;DAYTON;OH;45401;;;;false;system;system;now();now()
259;I000022;PREMERA;PO BOX 91059;;SEATTLE;WA;98111-915;;;;false;system;system;now();now()
260;I000023;HEALTH ALLIANCE;206 W. Anthony Dr.;;Champaign;IL;61822;;;;false;system;system;now();now()
261;I000027;KENTUCKY UNBRIDLED SPIRIT ;P.O. BOX 2106;;FRANKFORT;KY;40602;;;;false;system;system;now();now()
262;I000028;COVENTRYCARES OF KENTUCKY;P O Box 7812 ;;London;KY;40742;;;;false;system;system;now();now()
263;I000029;HUMANA CARESOURCE;P.O BOX 824;;DAYTON;OH;45401-082;;;;false;system;system;now();now()
264;I000031;AARP-UNITED HEALTHCARE PLANS;;;KINGSTON ;NY;12402;;;;false;system;system;now();now()
265;I000032;SEDGWICK CMS;;;;;;;;;false;system;system;now();now()
266;I000033;HARTFORD INSURANCE;PO BOX 14187;;LEXINGTON;KY;40512;;;;false;system;system;now();now()
267;I000035;AARP-UNITED HEALTHCARE PL;;;;;;;;;false;system;system;now();now()
268;I000036;COMP OPTIONS ;PO BOX 310719;;BOCA RATON ;FL;33431;;;;false;system;system;now();now()
269;I000037;ALTERNATIVE HEALTH CONCEPTS ;PO BOX 547097;;ORLANDO;FL;32854;;;;false;system;system;now();now()
270;I000041;LAND OF LINCOLN;PO BOX 618357;;CHICAGO ;IL;60661;;;;false;system;system;now();now()
271;I000042;SUNSHINE STATE HEALTH PLAN ;PO BOX 3070;;FARMINGTON;MO;63640;;;;false;system;system;now();now()
272;I000044;NAVIGATORS INSURANCE;1375 E WOODFIELD ROAD; SUITE 720;;SCHAUMBURG;IL;60173;;;false;system;system;now();now()
273;I000046;BCBS of Kentucky;P.O Box 105557;;Atlanta;GA;303485557;;;;false;system;system;now();now()
274;I000047;HUMANA GOLD PLUS;P.O. BOX 14601;;LEXINGTON;KY;40512-460;;;;false;system;system;now();now()
275;I000048;SUNSHINE HEALTH;;;;;;;;;false;system;system;now();now()
276;I000050;FLORIDA BCBS MEDICARE;P.O. Box 1798;;JacksonvillE ;FL;32231-001;;;;false;system;system;now();now()
277;I000051;NATIONAL ASSOCIATION OF LETTER CARRIERS ;PO BOX 18804;;CHATTANOOGA ;TN;37422;;;;false;system;system;now();now()
278;I000052;TRAVELERS INSURANCE;PO BOX 173762;;DENVER ;CO;80217;;;;false;system;system;now();now()
279;I000053;CNA INSURANCE ;PO BOX 8317;;CHICAGO;IL;60680;;;;false;system;system;now();now()
280;I000055;ACE USA;PO BOX 6560;;SCRANTON ;PA;18505;;;;false;system;system;now();now()
281;I000056;CHARTIS;PO BOX 1822;;ALPHARETTA;GA;30023;;;;false;system;system;now();now()
282;I000057;GALLAGHER BASSETT;PO BOX 23812;;TUCSON ;AZ;85734;;;;false;system;system;now();now()
283;I000058;GREAT WEST HEALTH CARE (CIGNA);PO BOX 188061;;CHATTANOOGA;TN;37422-806;;;;false;system;system;now();now()
284;I000065;KY FARM BUREAU;PO BOX 20400;;LOUISVILLE;KY;402500400;;;;false;system;system;now();now()
285;I000067;Blue Cross Blue Shield Of Alabama;450 Riverchase Parkway east;;Birmingham;AL;35244;;;;false;system;system;now();now()
286;I000068;PMA;PO BOX 5231;;JANESVILLE;WI;53547;;;;false;system;system;now();now()
287;I000071;BANKERS LIFE AND CASUALTY COMPANY;PO BOX 66927 ;;CHICAGO ;IL;60666-092;;;;false;system;system;now();now()
288;I000073;PRESTIGE HEALTH CHOICE;P.O BOX 7367 ;;LONDON;KY;40742;;;;false;system;system;now();now()
289;I000081;EHP;6704 Curtis Court;;Glen Burnie;MD;21060;;;;false;system;system;now();now()
290;I000083;NETWORK HEALTH;P.O. BOX 568;;MENASHA;WI;54952;;;;false;system;system;now();now()
291;I000087;HEALTH PLANS INC;;;;;;;;;false;system;system;now();now()
292;10;Local BCBS;;;;;;;;;false;system;system;now();now()
293;I000090;TOTAL CLAIMS ADMINISTRATION INC.;P.O. BOX 21128;;Fort Lauderdale;FL;33335;;;;false;system;system;now();now()
294;I000091;PLANNED ADMINISTRATORS;INC;PO BOX 6702;;COLUMBIA ;SC;29260;;;false;system;system;now();now()
295;I000092;FCCI INSURANCE COMPANY;;;;;;;;;false;system;system;now();now()
296;I000093;CHUBB INSURANCE;PO BOX 42065;;PHOENIX;AZ;85080;;;;false;system;system;now();now()
297;59;ANTHEM;;;;;;;;;false;system;system;now();now()
298;61;Blue Cross Blueshield of ;;;;;;;;;false;system;system;now();now()
299;67;Anthem BCBS;;;;;;;;;false;system;system;now();now()
300;68;Health Plans; INC. ;;;;;;;;false;system;system;now();now()
301;75;CIGNA HEALTHCARE;;;;;;;;;false;system;system;now();now()
302;73;BCBS MA;PO BOX 986020;;BOSTON;MA;02298;;;;false;system;system;now();now()
303;I000105;VALUEOPTIONS;P.O. BOX 930321;;WIXOM;MI;48393-032;;;;false;system;system;now();now()
304;;;;;;;;;;;false;system;system;now();now()
305;69;Fake;;;;;;;;;false;system;system;now();now()
306;FFVA;FFVA MUTUAL INS;PO BOX 945927;;MAITLAND;FL;32794;;;;false;system;system;now();now()
307;ZUR00;ZURICH;PO BOX 968084;;Schaumburg;IL;60196;;;;false;system;system;now();now()
308;50;Qual Care ;;;;;;;;;false;system;system;now();now()
309;1009;Horizon BCBSNJ;;;;;;;;;false;system;system;now();now()
310;1053;United Healthcare - Value;;;;;;;;;false;system;system;now();now()
311;993;BlueCross BlueShield ;;;;;;;;;false;system;system;now();now()
312;1003;NYSHIP Empire Plan;;;;;;;;;false;system;system;now();now()
313;81;Nova Independent Health;P.O. Box 408;;Williamsville;NY;14231;;;;false;system;system;now();now()
314;1005;bcbs of horizon of nj;;;;;;;;;false;system;system;now();now()
315;712;Blue Cross Blue Shield Fe;;;;;;;;;false;system;system;now();now()
316;879;care first blue cross blu;;;;;;;;;false;system;system;now();now()
317;PHY00;PHYSICIANS MUTUAL;PO BOX 2018;;OMAHA;NE;68103;;;;false;system;system;now();now()
318;971;Blue Cross Blue Shield of;;;;;;;;;false;system;system;now();now()
319;1072;Federal BCBS ;;;;;;;;;false;system;system;now();now()
320;83;Coventry Health;;;;;;;;;false;system;system;now();now()
321;82;BBSof C PPO;;;;;;;;;false;system;system;now();now()
322;979;APWU;;;;;;;;;false;system;system;now();now()
323;86;Univera Healthcare;PO Box 23000 ;;Rochester;NY;14692;;;;false;system;system;now();now()
324;MOP00;MUTUAL OF OMAHA PLAZA;MUTUAL OF OMAHA PLAZA;INDIVIDUAL CLAIMS;OMAHA;NE;68175;;;;false;system;system;now();now()
325;830;BCBS - Excellus;;;;;;;;;false;system;system;now();now()
326;865;Bluecross BlueShield Hone;;;;;;;;;false;system;system;now();now()
327;1058;hig00 - Highmark Blue Cro;;;;;;;;;false;system;system;now();now()
328;928;EHP Classic ;;;;;;;;;false;system;system;now();now()
329;1078;Blue Cross Blue Shield - ;;;;;;;;;false;system;system;now();now()
330;992;BlueCross BlueShield of F;;;;;;;;;false;system;system;now();now()
331;1015;Anthem BlueCross BlueShei;;;;;;;;;false;system;system;now();now()
332;1037;Capital Blue;Po Box 211457 ;;Eagan ;MN;55121;;;;false;system;system;now();now()
333;1038;BlueCross BluseSheild;;;;;;;;;false;system;system;now();now()
334;1041;Navigator Tufts Health pl;Po Box 9163 ;;watertown;MA;02471;;;;false;system;system;now();now()
335;1051;Anthem Blue Cross Blue Sh;;;;;;;;;false;system;system;now();now()
336;1052;BCBS -NC;;;;;;;;;false;system;system;now();now()
337;1055;BCBS - Federal;;;;;;;;;false;system;system;now();now()
338;1064;Anthem BlueCross BlueShie;;;;;;;;;false;system;system;now();now()
339;1067;bluecross blueshield of s;;;;;;;;;false;system;system;now();now()
340;1074;BLUE CROSS BLUE SHIELD AN;;;;;;;;;false;system;system;now();now()
341;1075;Premera Blue Cross;;;;;;;;;false;system;system;now();now()
342;1090;Horizon BlueCross BlueShi;;;;;;;;;false;system;system;now();now()
343;NAT00;Nationwide;413 1st Avenue North;;Great Falls;MT;59401;;;;false;system;system;now();now()
344;FALSE;FALSE;;;;;;;;;false;system;system;now();now()
345;I000140;Brian;;;;;;;;;false;system;system;now();now()
346;1098;BCBS -Horizon;;;;;;;;;false;system;system;now();now()
347;1101;anthem blue cross;;;;;;;;;false;system;system;now();now()
348;WEL00;WELLMED;PO BOX 400066;;SAN ANTONIO;TX;78229;;;;false;system;system;now();now()
349;1114;St.Lawerance-Lewis County;;;;;;;;;false;system;system;now();now()
350;1115;BlueCross Federal West Vi;;;;;;;;;false;system;system;now();now()
351;1117;HealthSmart;;;;;;;;;false;system;system;now();now()
352;1110;Lehigh Valley Health Netw;;;;;;;;;false;system;system;now();now()
353;STA00;STARMARK TRUSTMARK;PO BOX 2942;;CLINTON;IA;52733;;;;false;system;system;now();now()
354;HIG001;HIGHMARK SENIOR HEALTH COMPANY;120 FIFTH AVENUE;;PITTSBURGH;PA;15222;;;;false;system;system;now();now()
355;104;OPTIUM HEALTH;po box 29077;;hot springs;AR;71903;;;;false;system;system;now();now()
356;1126;Mclaren Health Advantage;PO Box 1511;;Flint;MI;485011511;;;;false;system;system;now();now()
357;INT00;INTEGRAL HEALTHCARE;PO BOX 5477;;HAUPPAGE;NY;11788;;;;false;system;system;now();now()
358;MOLI00;MOLINA HEALTHCARE OF FLORIDA;8300 NW 33rd Street;Suite 400;Doral;FL;33122;;;;false;system;system;now();now()
359;1133;Medical Mutual;;;;;;;;;false;system;system;now();now()
360;I000159;psycare;10200 SUNSET DRIVE;;MIAMI;FL;33173;;;;false;system;system;now();now()
361;I000160;PSYCHCARE; LLC;10200 SUNSET DRIVE;;MIAMI;FL;333173;;;false;system;system;now();now()
362;I000163;Summacare;3644 West Park;;Shaker Hights;OH;44120;;;;false;system;system;now();now()
363;I000166;Health Net;PO BOX 14702;;lexington;KY;40512;;;;false;system;system;now();now()
364;I000167;Blue of California;PO Box 272540;;Chico;Ca;95927;;;;false;system;system;now();now()
365;I000168;Regence Uniform BCBS;PO Box 30271;;Salt Lake;Ut;84130;;;;false;system;system;now();now()
366;I000170;MAINE TRINITY HEALTH INSURANCE;150 MILL STREET;;LEWISTON;MA;04240;;;;false;system;system;now();now()
367;YR000;YORK RISK SERVICES GROUP;PO BOX 183188;CLAIMS DPMT;COLUMBUS;OH;43218;;;;false;system;system;now();now()
368;I000173;Moda;PO Box 40384;;Portland;Or;97240;;;;false;system;system;now();now()
369;I000177;First Health of Texas;3200 Highland Ave;;Downers Grove ;IL;60515;;;;false;system;system;now();now()
370;112;BCBS of IL;;;;;;;;;false;system;system;now();now()
371;I000180;Blue Shield;PO Box 5290;;Bellevue;WA;98015;;;;false;system;system;now();now()
372;I000372;scholarship;scholarship;;scholarship;sc;33417;5555555;;;false;system;system;now();now()
373;I000373;test;1325 haverhill rd n;;west palm beach ;fl;33417;561-616-9000;;;false;system;system;now();now()
374;I000374;BCBS NJ Direct Plus;199 Pomeroy Road;;Parsippany;Ne;07054;18008147427;;;false;system;system;now();now()
375;I000375;UPMC HEALTH PLAN;;;;;;8812510083;;;false;system;system;now();now()
376;I000376;Keystone;;;;;;;;;false;system;system;now();now()
377;I000377;BCBS OF MO;P.O. Box 36550;;Louisville;KY;40233;;;;false;system;system;now();now()
378;I000378;carefirst blueshield;;;;;;;;;false;system;system;now();now()
379;I000379;carefirst blue choice;;;;;;;;;false;system;system;now();now()
380;NCHP00;NIAGRA COUNTY HEALTH PLAN;5467 UPPER MOUNTAIN ROAD;;LOCKPORT;NY;140941899;;;;false;system;system;now();now()
381;I000381;BCBS OF Kansas City;;;;;;;;;false;system;system;now();now()
382;I000382;unitedhealthcare choice plus network;po box 15645;;las Vegas;NV;89114-564;800-777-1840;;;false;system;system;now();now()
383;I000383;BCBS OF TN;;;;;;;;;false;system;system;now();now()
384;I000384;BCBS of CA;;;;;;;;;false;system;system;now();now()
385;I000385;BCBS Value Options;;;;;;;;;false;system;system;now();now()
386;I000386;UniCare Andover Service Center;P.O. box 9016;;Andover ;MA;01810-091;1-800-322-9161;;;false;system;system;now();now()
387;I000387;Universal Healthcare;16421 NW 45th Ave;;;Opa Locka;Fl;33054;7863206171;;false;system;system;now();now()
388;I000388;PHCS SAINT LAWRENCE;P.O BOX 697;;CANSON;NE;13617;3153793000;;;false;system;system;now();now()
389;I000389;BCBS TeamCare;P.O Box 5116;;des plaines;il;;;;;false;system;system;now();now()
390;I000390;UMPC;;;;;;;;;false;system;system;now();now()
391;I000391;APEX HEALTH SOLUTIONS;PO BOX 3630;;AKRON;OH;44309;18007538429;;;false;system;system;now();now()
392;101;BCBS Fed;;;;;;8003332227;;;false;system;system;now();now()
393;102;BCBS Horizon;;;;;;;;;false;system;system;now();now()
394;103;Cigna Behavioral Health;;;;;;18002446224;;;false;system;system;now();now()
395;105;Independence BCBS;;;;;;8006762583;;;false;system;system;now();now()
396;106;Blue Cross Blue Shield High Mark;;;;;;8006762583;;;false;system;system;now();now()
397;107;BCBS of NC;;;;;;8003592422;;;false;system;system;now();now()
398;108;Beacon Health Options;;;;;;8772060070;;;false;system;system;now();now()
399;109;BCBS Empire;;;;;;8005539603;;;false;system;system;now();now()
400;110;BCBS Anthem of CA;;;;;;8664706244;;;false;system;system;now();now()
401;111;Minute Man Insurance;;;;;;8556441776;;;false;system;system;now();now()
402;113;BCBS of MA;;;;;;18004436657;;;false;system;system;now();now()
403;I000403;Teachers Health Trust;PO Box 96238;;Las Vegas;NV;89193;8004414483;;;false;system;system;now();now()
404;I000404;EXCELLUS BCBS;;;;;;8003634658;;;false;system;system;now();now()
405;I000405;Anthem BC CA;;;;;;1-800-274-7767;;;false;system;system;now();now()
406;I000406;BCBS SC;;;;;;1-800-868-1032;;;false;system;system;now();now()
407;I000407;1199 SEU Benefit Plan;;;;;;646-473-9200;;;false;system;system;now();now()
408;I000408;Anthem BCBS Central;;;;;;1-800-676-2583;;;false;system;system;now();now()
409;114;BCBS of CT;;;;;;8558541438;;;false;system;system;now();now()
410;I000410;cigna great west;po box 188061;;chattanooga;tn;37422;866-494-2111;;;false;system;system;now();now()
411;I000411;BCBS of Florida;;;;;;800-727-2227;;;false;system;system;now();now()
412;I000412;MERITAN HEALTH ;PO BOX 27267 ;;MINNEAPOLIS;MN;55427;8009252272;;;false;system;system;now();now()
413;I000413;BCBS OF PR ;PO BOX 363628;;SAN JUAN ;PR;00936;8004968868;;;false;system;system;now();now()
414;I000414;.;;;;;;;;;false;system;system;now();now()
415;I000415;HEALTH NETWORK ;;;;;;;;;false;system;system;now();now()
416;I000416;PREFERRED ONE;;;;;;;;;false;system;system;now();now()
417;I000417;BCBS OF WA ;;;;;;;;;false;system;system;now();now()
418;I000418;BCBS OF OH ;;;;;;;;;false;system;system;now();now()
419;I000419;WELLSENSE;;;;;;;;;false;system;system;now();now()
420;I000420;BCBS OF SC ;;;;;;;;;false;system;system;now();now()
421;I000421;Prevea;;;;;;8772307555;;;false;system;system;now();now()
422;I000422;BCBS/Beacon Health Opt;POBox 1860;;Latham;NY;12110;866-463-2016;;;false;system;system;now();now()
423;I000423;HAVARD PILGRIM PPO;;;;;;;;;false;system;system;now();now()
424;I000424;BCBS OF TX ;;;;;;;;;false;system;system;now();now()
425;I000425;BCBS PPO MI ;;;;;;;;;false;system;system;now();now()
426;I000426;COMMUNITY CARE;;;;;;8778621356;;;false;system;system;now();now()
427;I000427;OXFORD PPO ;;;;;;;;;false;system;system;now();now()
428;I000428;independence bc PA;;;;;;8002752583;;;false;system;system;now();now()
429;I000429;BCBS OF MI ;;;;;;;;;false;system;system;now();now()
430;I000430;EMPIRE BCBS NY ;;;;;;;;;false;system;system;now();now()
431;I000431;HIGHMARK BCBS DE ;;;;;;;;;false;system;system;now();now()
432;I000432;LACKAWANNA COUNTY SCA;;;;;;;;;false;system;system;now();now()
433;I000433;BC NEPA;;;;;;;;;false;system;system;now();now()
434;I000434;HIGHMARK BCBS PA ;;;;;;;;;false;system;system;now();now()
435;I000435;MEDCOST ;PO BOX 25307;;WINSTON SALEM;NC;27114;18007951023;;;false;system;system;now();now()
436;I000436;BCBS OF LA ;;;;;;;;;false;system;system;now();now()
437;I000437;ANTHEM BCBS OF OH ;;;;;;;;;false;system;system;now();now()
438;I000438;access ma;;;;;;8882512224;;;false;system;system;now();now()
439;I000439;Aenta better health MA;;;;;;8882512224;;;false;system;system;now();now()
440;I000440;bcbs fep;;;;;;8005526989;;;false;system;system;now();now()
441;I000441;Common Ground Health;120 bishops way #150;;brookfield;WI;53005;8774508497;;;false;system;system;now();now()
442;I000442;ma ccbh;;;;;;88251224;;;false;system;system;now();now()
443;I000443;HARKEN HEALTH ;;;;;;;;;false;system;system;now();now()
444;I000444;PILGRIM HEALTH ;;;;;;;;;false;system;system;now();now()
445;I000445;BCBS OF GA ;;;;;;;;;false;system;system;now();now()
446;I000446;Rocky Mountain Health Plan;PO Box 10600;;Grand Junction;CO;81502;;;;false;system;system;now();now()
447;I000447;CCBH;;;;;;8882512224;;;false;system;system;now();now()
448;I000448;Geisenger;;;;;;8552271302;;;false;system;system;now();now()
449;I000449;seiu 1199;14645 NW 77th ave #200;;miami lakes;fl;33014;3056233000;;;false;system;system;now();now()
450;I000450;CAPITLA BC pa;;;;;;8004712242;;;false;system;system;now();now()
451;I000451;Anthem BSBC VA;;;;;;800-399-2421;;;false;system;system;now();now()
452;I000452;personal choice;1901 market street;;philadelphia;pa;19103;8006881911;;;false;system;system;now();now()
453;I000453;GEISINGER HEALTH PLAN-MA;;;;;;;;;false;system;system;now();now()
454;I000454;Horizon BCBS NJ;PO Box 1219;;Newark;NJ;07101-121;8006262212;;;false;system;system;now();now()
455;I000455;Blue Cross Blue Shield of Massachusetts;;;;;;8002410803;;;false;system;system;now();now()
456;I000456;CAPITAL BC PA ;;;;;;;;;false;system;system;now();now()
457;I000457;VETERANS AFFAIRS;;;;;;;;;false;system;system;now();now()
458;I000458;OPTUM;;;;;;;;;false;system;system;now();now()
459;I000459;BCBS HORIZON OF NJ ;;;;;;;;;false;system;system;now();now()
460;I000460;BCBS VA FED ;;;;;;;;;false;system;system;now();now()
461;I000461;healthnet;;;;;;8002916911;;;false;system;system;now();now()
462;I000462;BLUE CARE ELECT PREFERRED;;;;;;;;;false;system;system;now();now()
463;I000463;ATAP UNION;;;;;;215-677-8820;;;false;system;system;now();now()
464;I000464;MEDICAL ASSISTANCE;;;;;;888-251-2224;;;false;system;system;now();now()
465;I000465;CAPITOL BC PA;;;;;;866-322-1657;;;false;system;system;now();now()
466;I000466;Health New England;;;;;;;;;false;system;system;now();now()
467;I000467;AMERIHEALTH MA;;;;;;;;;false;system;system;now();now()
468;I000468;BCBS New Directions ;;;;;;;;;false;system;system;now();now()
469;I000469;UNITED HEALTH ONE;;;;;;;;;false;system;system;now();now()
470;I000470;HEALTHYCT;;;;;;;;;false;system;system;now();now()
471;I000471;BCBS  Highmark;;;;;;;;;false;system;system;now();now()
472;I000472;BCBS NY EXCELLUS;P.O. Box 22999;;Rochester;;14692;8004991275;;;false;system;system;now();now()
473;I000473;New York State Insurance Fund;PO Box 1800;;Latham;NY;12110;8777697447;;;false;system;system;now();now()
474;I000474;BCBS OF NE;;;;;;8002552838;;;false;system;system;now();now()
475;I000475;BCBS MN;;;;;;;;;false;system;system;now();now()
476;I000476;SEMINOLE TRIBE OF FLORIDA;;;;;;;;;false;system;system;now();now()
477;116;Meritain Health;;;;;;8009252272;;;false;system;system;now();now()
478;I000478;cofinity claims;28588 northwestern hwy;;southfield;MI;48034;2483577766;;;false;system;system;now();now()
479;I000479;group pension administrators;12770 merit dr #200;;dallas;tx;75251;9722387900;;;false;system;system;now();now()
480;I000480;BCBS/ Value Opt MHSA;Po Box 1290;;Latham;NY;12110;8008102583;;;false;system;system;now();now()
481;I000481;GIC;;;;;;;;;false;system;system;now();now()
482;I000482;INDEPENDENCE PERSONAL CHOICE;;;;;;;;;false;system;system;now();now()
483;I000483;FIRST HEALTH NETWORK ;;;;;;;;;false;system;system;now();now()
484;I000484;BCBS NJ HORIZON ;;;;;;8006262212;;;false;system;system;now();now()
485;I000485;INDEPENDENT HEALTH;;;;;;7166318701;;;false;system;system;now();now()
486;I000486;BCBS OF pa INDEPENDENCE; P.O.Box 890170;;Camp Hill;;17089;18665886967;;;false;system;system;now();now()
487;I000487;ALLEGIANCE;2806 S. Garfield St. P.O. Box 3018;;Missoula;;59806;800-877-1122;;;false;system;system;now();now()
488;I000488;BCBS TX;;;;;;;;;false;system;system;now();now()
489;I000489;Integra Administrative Group;PO Box 730;;Arnold;Md;21012;;;;false;system;system;now();now()
490;I000490;COMPYSCH;;;;;;(312) 595-4000;;;false;system;system;now();now()
491;I000491;IN HEALTH MUTUAL GOLD;;;;;;8005808502;;;false;system;system;now();now()
492;I000492;BLUE CROSS BLUE SHIELD - PRIMIRA;;;;;;;;;false;system;system;now();now()
493;I000493;WELLMARK BCBS;;;;;;;;;false;system;system;now();now()
494;I000494;UBC;PO BOX 730755;;SALT LAKE CITY;UT;84130;8005529951;;;false;system;system;now();now()
495;I000495;BCBS OF PA;;;;;;;;;false;system;system;now();now()
496;I000496;BCBS PPO of IL;;;;;;;;;false;system;system;now();now()
497;I000497;HIGHMARK WEST VIRGINIA;;;;;;8006762583;;;false;system;system;now();now()
498;I000498;UBH OPTUM;;;;;;;;;false;system;system;now();now()
499;I000499;Boon Chapman;PO Box 9201;;Austin;TX;78766;8888603835;;;false;system;system;now();now()
500;I000500;OPTIMA;;;;;;8006488420;;;false;system;system;now();now()
501;I000501;BCBS CAREFIRST;;;;;;8776532818;;;false;system;system;now();now()
502;I000502;BCBS/BEACON;;;;;;;;;false;system;system;now();now()
503;I000503;PENNA (MA);;;;;;8882512224;;;false;system;system;now();now()
504;I000504;hphc insurance company;;;;;;8007084414;;;false;system;system;now();now()
505;I000505;bcbc of al;;;;;;8005176425;;;false;system;system;now();now()
506;I000506;magna care;;;;;;;;;false;system;system;now();now()
507;I000507;BCBS IL;;;;;;;;;false;system;system;now();now()
508;I000508;BCBS INDEPENDENCE;;;;;;;;;false;system;system;now();now()
509;I000509;State of New jersey Health Benefits;18 E Grant Ave;;Rozell park;NJ;07204;;;;false;system;system;now();now()
510;I000510;IPM;;;;;;;;;false;system;system;now();now()
511;I000511;NORTHEAST HEALTH;315 S MANNING BLVD;;ALBANY;NY;12208;5185251111;;;false;system;system;now();now()
512;I000512;Benefit Administrative Systems;PO Box 2920;;Milwaukee;WI;53021;8008771066;;;false;system;system;now();now()
513;I000513;minuteman;;;;;;;;;false;system;system;now();now()
514;I000514;BCBS of weestern New York;;;;;;;;;false;system;system;now();now()
515;I000515;BCBS of western New York;;;;;;;;;false;system;system;now();now()
516;I000516;SISCO;;;;;;8004574726;;;false;system;system;now();now()
517;I000517;BCBS PREMERA WA;;;;;;8773425258;;;false;system;system;now();now()
518;I000518;BCBS ANTHEM OH ;;;;;;8005529159;;;false;system;system;now();now()
519;I000519;Empire Plan;PO Box 1800;;Latham;NY;12110;8777697447;;;false;system;system;now();now()
520;I000520;none ;;;;;;;;;false;system;system;now();now()
521;I000521;Humana/HMO Premier;PO Box 14635;;Lexington ;KY;40512-463;18008336917;;;false;system;system;now();now()
522;I000522;Michael Tinneny;236 Green Valley Rd;;Staten Island ;NY;10312;347-309-9190;;;false;system;system;now();now()
523;I000523;Michael Iacono;24A Jennifer Pl;;Staten Island;NY;10314;347-979-4164;;;false;system;system;now();now()
524;I000524;blue shielf ;36525 mn;;west palm;fl;69586;;;;false;system;system;now();now()
525;I000525;lakawana;;;;;;;;;false;system;system;now();now()
526;I000526;Janell McBean;17 Spirit Ln;;Staten Island;NY;10303;646-464-0341;;;false;system;system;now();now()
527;I000527;ASR Physicians Care;PO Box 6392;;Grand Rapids;MI;49516;6169571751;;;false;system;system;now();now()
528;I000528;UHS;PO BOX 61558;;king of prussia;pa;19406;6107683300;;;false;system;system;now();now()
529;I000529;Florida ;PO Box 1798;;Jacksonville;FL;32231;8003522583;;;false;system;system;now();now()
530;I000530;AFTRA HEALTH;261 MADISON AVE #8;;NEW YORK;NE;10016;212-499-4800;;;false;system;system;now();now()
531;I000531;High Mark BCBS;;;;;;;;;false;system;system;now();now()
532;I000532;COMMUNITY HEALTH OPTIONS;P.O. BOX 1121;;LEEISTON;ME;04243;5612939258;;;false;system;system;now();now()
533;I000533;coventry one PPO;;;london ;ky;;;;;false;system;system;now();now()
534;I000534;BCBS PA INDEPENDENCE;1901 MARKET ST;;PHILADELPHIA;PA;19103;8002752583;;;false;system;system;now();now()
535;I000535;anthem bcbs nv ;;;;;;;;;false;system;system;now();now()
536;I000536;medical college of wisconsin;8701 watertown plank rd;;milwaukee;wi;53226;4149558296;;;false;system;system;now();now()
537;I000537;COVENTRAY HEALTHCARE;PO BOX 7802;;LONDON;KY;40742;8007527242;;;false;system;system;now();now()
538;I000538;NEIGHBORHOOD HEALTH;;;;;;;;;false;system;system;now();now()
539;I000539;capital bcbs;;;;;;8663698362;;;false;system;system;now();now()
540;I000540;POMCO ;;;;;;8005417403;;;false;system;system;now();now()
541;I000541;Cigna Magellan;PO Box 2154;;Maryland Heights;MO;63043;;;;false;system;system;now();now();
542;I000542;waynes county;;;;;;5702536022;;;false;system;system;now();now()
543;I000543;blue benefit;;;;;;18777072583;;;false;system;system;now();now()
544;I000544;FLORDIA BLUE;;;;;;8667305006;;;false;system;system;now();now()
545;I000545;AMERIGROUP OF FL ;;;;;;;;;false;system;system;now();now()
546;I000546;UHC Shared Services;PO Box 30783;;Salt Lake City;UT;84130;;;;false;system;system;now();now()
547;I000547;BCBS Federal ;;;;;;1-800-333-2227;;;false;system;system;now();now()
548;I000548;bcbs of NJ;;;;;;;;;false;system;system;now();now()
549;I000549;BBS ANTHEM OF MS;;;;;;;;;false;system;system;now();now()
550;I000550;CAPITAL DIRECT PHYSICIANS;;;;;;8883209584;;;false;system;system;now();now()
551;I000551;Evante;1111 E Herdon Suite 308;;Fresno;Ca;93720;;;;false;system;system;now();now()
552;I000552;ANTHEM BCBS OF CT;;;;;;;;;false;system;system;now();now()
553;I000553;HORIZON NJ CLAIMS;;;;;;8777654325;;;false;system;system;now();now()
554;I000554;AMERIHEALTH MA LAZERNE;;;;;;8882512224;;;false;system;system;now();now()
555;I000555;AETNA MEDICAL ASSISTANCE (LACKAWNA);;;;;;8882512224;;;false;system;system;now();now()
556;I000556;ACCESS/LACKAWANNA;;;;;;8882512224;;;false;system;system;now();now()
557;828;LOCAL;;;;FL;;8668321229;;;false;system;system;now();now()
558;874;BCBS FL;;;;;;8006762583;;;false;system;system;now();now()
559;907;EXCELLUS BCBS NY;;;;;;8008102583;;;false;system;system;now();now()
560;835;HEALTHSCOPE;POB 16203;;LUBBEL;TX;79490;18882764732;;;false;system;system;now();now()
561;886;BCBS AR;;;;;;8008004298;;;false;system;system;now();now()
562;904;MEDICAL MUTUAL OH;;;;;;8002583186;;;false;system;system;now();now()
563;1230;MEDOST ;;;;;;8662625635;;;false;system;system;now();now()
564;I000564;BCBS OF MS;;;;;;8007090973;;;false;system;system;now();now()
565;UNKNOWN;AMERIHEALTH OF NJ;;;;;;8889687241;;;false;system;system;now();now()
566;I000566;ANTHEM BCBS OF VA;;;;;;8009916045;;;false;system;system;now();now()
567;1191;CAREFIRST ADMINISTRATORS;;;;;;8006762583;;;false;system;system;now();now()
568;I000568;COVENTRY HEALTHCARE OF VIRGINIA;;;;;;;;;false;system;system;now();now()
569;I000569;INDEPENDANCE PERSONAL CHOICE;;;;;;8002752583;;;false;system;system;now();now()
570;I000570;EMBLEM HEALTH GHI;;;;;;8006242414;;;false;system;system;now();now()
571;I000571;BLUE CROSS BLUE SHIELD OF SC;;;;;;;;;false;system;system;now();now()
572;I000572;HORIZON BCBS OF NJ;;;;;;8006262212;;;false;system;system;now();now()
573;I000573;United Healtcare;Po Box 30755;;Salt Lake City;Ut;84130;8778423210;;;false;system;system;now();now()
574;912;ANTHEM BCBS OH;;;;;;8006762583;;;false;system;system;now();now()
575;I000575;MA SUSQUEHENNA;;;;;;18882512224;;;false;system;system;now();now()
576;1139;BCBS OF ILL;;;;;;8003235000;;;false;system;system;now();now()
577;1146;GHI CITY OF NY HEALTH BENEFITS PROGRAM;;;;;;2125014444;;;false;system;system;now();now()
578;I000578;BCBS WA PREMERA;;;;;;8669861515;;;false;system;system;now();now()
579;I000579;JOHN HOPKINS HEALTHCARE;;;;;;;;;false;system;system;now();now()
580;I000580;COMPPYSCH;;;;;;8002727255;;;false;system;system;now();now()
581;I000581;BSBC FEDERAL;;;;;;8005721003;;;false;system;system;now();now()
582;I000582;UNITED HEALTHCARE/UNITED BEHAVIORAL HEALTH ;;;;;;8778423210;;;false;system;system;now();now()
583;I000583;FL BLUE SHIELD;;;;;;;;;false;system;system;now();now()
584;I000584;AETNA LACKAWANNA MA;;;;;;;;;false;system;system;now();now()
585;I000585;BCBS MD;;;;;;8006288549;;;false;system;system;now();now()
586;I000586;geoblue;;;;;;;;;false;system;system;now();now()
587;I000587;BCBS LA;;;;;;18004244643;;;false;system;system;now();now()
588;I000588;ANTHEM BCBS OF IN;;;;;;8006762583;;;false;system;system;now();now()
589;I000589;ATAP UNION 542;;;;;;215-677-8820;;;false;system;system;now();now()
590;I000590;UNITED HEALTH CARE OXFORD;;;;;;877-842-3210;;;false;system;system;now();now()
591;I000591;ATAP OPERATING 542;;;;;;2673514026;;;false;system;system;now();now()
592;I000592;Healthcare District;2601 10th Ave. North; Suite 100;;Palm Springs ;FL;33461;;;false;system;system;now();now()
593;I000593;EMPIRE/ VALUE OPTIONS;;;;;;8777697447;;;false;system;system;now();now()
594;I000594;BLUE CROSS BLUE SHIELD OF TEXAS;;;;;;8004510287;;;false;system;system;now();now()
595;I000595;GEISINGER MA;;;;;;5709636820;;;false;system;system;now();now()
596;I000596;AETNA BETTER HEALTH MA;;;;;;;;;false;system;system;now();now()
597;I000597;AETNA BETTER HEALTH -MA;;;;;;8882512224;;;false;system;system;now();now()
598;I000598;JOHN HOPKINS EMPLOYEE HEALTH PROGRAM;;;;;;80026124329;;;false;system;system;now();now()
599;I000599;UHC STUDENT RESOURCES;;;;;;8882244875;;;false;system;system;now();now()
600;I000600;BCBS PREMIERA;;;;;;8006762583;;;false;system;system;now();now()
601;1248;MEDICAL MUTUAL OF OH;;;;;;8002583186;;;false;system;system;now();now()
602;1254;CAPITAL BCBS OF PA;;;;;;8778926298;;;false;system;system;now();now()
603;1250;CARE FIRST BCBS;;;;;;8008425975;;;false;system;system;now();now()
604;I000604;BCBS ARK ;;;;;;8005583865;;;false;system;system;now();now()
605;I000605;BCBS OF NA;;;;;;8006762583;;;false;system;system;now();now()
606;I000606;CONCERN PLUS;;;;;;8002427371;;;false;system;system;now();now()
607;I000607;CONNECTICUT LABORERS HEALTH FUND ;;;;;;18002251263;;;false;system;system;now();now()
608;1252;CHRISTIANA CARE;;;;;;8778550950;;;false;system;system;now();now()
609;I000609;UHC OF GA;;;;;;;;;false;system;system;now();now()
610;I000610;BCBS OF WASHINGTON;;;;;;800-276-2583;;;false;system;system;now();now()
611;I000611;UHC UNITED HEALTHCARE PLUS;;;;;;8003822599;;;false;system;system;now();now()
612;I000612;MA ACCESS;;;;;;8883287366;;;false;system;system;now();now()
613;I000613;UHC/OXFORD ;;;;;;18006661353;;;false;system;system;now();now()
614;1259;FL BLUE ;;;;;;8003332227;;;false;system;system;now();now()
615;1258;ALLIANT;;;;;;8008655922;;;false;system;system;now();now()
616;1224;BCBS OH;;;;;;8006762583;;;false;system;system;now();now()
617;I000617;AETNA PPO;;;;;;;;;false;system;system;now();now()
618;I000618;BCBS OF IDAHO;;;;;;8006762583;;;false;system;system;now();now()
619;1263;BCBS FLORIDA BLUE;;;;;;8003522583;;;false;system;system;now();now()
620;I000620;BCBS NJ;;;;;;800-414-7427;;;false;system;system;now();now()
621;I000621;BCBS GA;;;;;;800-676-2583;;;false;system;system;now();now()
622;I000622;CCBH/MA;;;;;;888-251-2224;;;false;system;system;now();now()
623;I000623;unknown;;;;;;;;;false;system;system;now();now()
624;1274;INDEPENDENCE BC PA KEYSTONE;;;;;;;;;false;system;system;now();now()
625;1277;BCBS MI;;;;;;;;;false;system;system;now();now()
626;I000626;BCBSF;;;;;;800-676-2583;;;false;system;system;now();now()
627;I000627;ALLIED BENEFIT SYSTEMS;;;;;;855-796-3741;;;false;system;system;now();now()
628;I000628;HEALTH TRADITION HEALTH PLAN ;;;;;;855-392-4050;;;false;system;system;now();now()
629;I000629;BCBS OF RI;;;;;;18004337766;;;false;system;system;now();now()
630;I000630;HEALTH FIRST;;;;;;;;;false;system;system;now();now()
631;1279;GEISINGER;;;;;;8778550950;;;false;system;system;now();now()
632;I000632;JOHN HOPKINS EHP;;;;;;202-320-0580;;;false;system;system;now();now()
633;I000633;AMERIHEALTH NJ;;;;;;8889687241;;;false;system;system;now();now()
634;I000634;PRIORITY POS;;;;;;;;;false;system;system;now();now()
635;I000635;BCBS OF IL / VO;;;;;;8003314824;;;false;system;system;now();now()
636;I000636;ACCESS MA-LACKAWANNA;;;;;;888-251-2224;;;false;system;system;now();now()
637;I000637;ma Wyoming cty;;;;;;8882512224;;;false;system;system;now();now()
638;I000638;bcbs arkansas;;;;;;8667305006;;;false;system;system;now();now()
639;I000639;COVENTRY/ MHNET;;;;;;8772273520;;;false;system;system;now();now()
640;I000640;BLUE CROSS BLUE SHIELD OF PA;;;;;;8885101084;;;false;system;system;now();now()
641;I000641;AETNA BETTER HEALTH-LUZERNE COUNTY;;;;;;;;;false;system;system;now();now()
642;I000642;BCBS OF ARKANSAS BLUE ADVANTAGE;;;;;;8668233790;;;false;system;system;now();now()
643;I000643;atap laborers district council;;;;;;2156778820;;;false;system;system;now();now()
644;1304;GROUP AND PENSION ADMINISTRATORS;;;;;;9722387900;;;false;system;system;now();now()
645;I000645;UNITED BH;;;;;;866-850-6212;;;false;system;system;now();now()
646;I000646;BCBS HILDENBRAND INC;;;;;;800-676-BLUE;;;false;system;system;now();now()
647;I000647;BCBS OU HEATH;;;;;;;;;false;system;system;now();now()
648;1302;EMPIRE BCBS OF NEW YORK;;;;;;8005219574;;;false;system;system;now();now()
649;1303;NORTON HEALTH CARE;;;;;;8004486262;;;false;system;system;now();now()
650;I000650;Allied Care Soluationd;Po Box 909786-60690;;Chicago;Il;60690;;;;false;system;system;now();now()
651;I000651;BCBS PA;;;;;;800-275-2583;;;false;system;system;now();now()
652;I000652;WEA TRUST;;;;;;8002794000;;;false;system;system;now();now()
653;I000653;ANTHEM BCBS OF MO;;;;;;8006762583;;;false;system;system;now();now()
654;1314;BCBS MT;;;;;;8008102583;;;false;system;system;now();now()
655;1313;BCBS TN;;;;;;8006762583;;;false;system;system;now();now()
656;I000656;MA;;;;;;;;;false;system;system;now();now()
657;I000657;ANTHEM BCBS OF CA;;;;;;;;;false;system;system;now();now()
658;1267;ZENITH AMERICAN ;;;;;;7023641484;;;false;system;system;now();now()
659;I000659;UAW ANTHEM;;;;;;742017895;;;false;system;system;now();now()
660;I000660;BCBS PENNSLYVANIA;;;;;;800-275-2583;;;false;system;system;now();now()
661;I000661;GIC UNICARE;;;;;;;;;false;system;system;now();now()
662;UNKNOWN-FE;BCBS OF AR EXCHANGE ;;;;;;80067625838002747767;;;false;system;system;now();now()
663;UNKNOWN-53;BLUE SHIELD OF ILLINOIS;;;;;;8008517498;;;false;system;system;now();now()
664;UNKNOWN-FC;BCBS OF CALIFORNIA;;;;;;8004241703;;;false;system;system;now();now()
665;I000665;ANTHEM BCBS CT;;;;;;800-9223242;;;false;system;system;now();now()
666;I000666;COVANTRY;;;;;;8004473725;;;false;system;system;now();now()
667;I000667;Alliance COAL;PO Box 22295;;LEXINGTON;ky;40522;855-979-5206;;;false;system;system;now();now()
668;UNKNOWN-64;BCBS ANTHEM OF MI ;;;;;;8884926811;;;false;system;system;now();now()
669;UNKNOWN-29;COMMUNITY HEALTH NETWORK GOLD;;;;;;;;;false;system;system;now();now()
670;UNKNOWN-FF;INDEPENDENCE MAGELLAN ;;;;;;8007782119;;;false;system;system;now();now()
671;UNKNOWN-8B;CAREFIRST MD;;;;;;8008425975;;;false;system;system;now();now()
672;I000672;CAREFIRST BCBS OF DC;;;;;;800-876-2583;;;false;system;system;now();now()
673;UNKNOWN-87;ANTHEM BCBS OF CALIFORNIA;;;;;;8004241703;;;false;system;system;now();now()
674;I000674;BLE CROSS INDEPENDENCE PA;;;;;;8006762583;;;false;system;system;now();now()
675;1338;HUMANA - MEDICARE ;;;;;;;;;false;system;system;now();now()
676;I000676;BCBS OF IN;;;;;;;;;false;system;system;now();now()
677;I000677;BCBS OF KS;;;;;;;;;false;system;system;now();now()
678;UNKNOWN-A4;BLUEOPTIONS MEDICAL;;;;;;8008517498;;;false;system;system;now();now()
679;1344;BCBS HIGHMARK;;;;;;8006280816;;;false;system;system;now();now()
680;I000680;BCBS NC;;;;;;8882064697;;;false;system;system;now();now()
681;UNKNOWN-8E;DNC/ BEACON HEALTH;;;;;;8773622472;;;false;system;system;now();now()
682;I000682;bcbs of co;;;;;;7754099151;;;false;system;system;now();now()
683;I000683;BCBS CA ANTHEM;;;;;;7192934668;;;false;system;system;now();now()
684;I000684;minuteman health;;;;;;8556441776;;;false;system;system;now();now()
685;UNKNOWN-56;BCBS OF AK;;;;;;8668233790;;;false;system;system;now();now()
686;I000686;BCBST;;;;;;;;;false;system;system;now();now()
687;UNKNOWN-41;BCBS OF NY;;;;;;8006762583;;;false;system;system;now();now()
688;1356;BBCBS OF MA;;;;;;8006762583;;;false;system;system;now();now()
689;1355;FLORIDA BCBS;;;;;;8006762583;;;false;system;system;now();now()
690;I000690;NALC HEALTH BENEFITS CIGNA;;;;;;;;;false;system;system;now();now()
691;I000691;Pro Health Gold Plan;;;;;;;;;false;system;system;now();now()
692;1357;ATAP- LOCAL 135;;;;;;2156778820;;;false;system;system;now();now()
693;UNKNOWN-67;BCBS OF WISCONSIN;;;;;;;;;false;system;system;now();now()
694;UNKNOWN-CA;CAREFIRST BCBS OF MD;;;;;;8006762583;;;false;system;system;now();now()
695;I000695;aetna choice pos;;;;;;8886323862;;;false;system;system;now();now()
696;I000696;BCBS CAPITAL;;;;;;800-676-2583;;;false;system;system;now();now()
697;1359;BCBS- UFCW;;;;;;8662928090;;;false;system;system;now();now()
698;235;BCBS-FL;;;;;;8007272227;;;false;system;system;now();now()
699;I000699;EMPIRE BCBS OF NY;;;;;;800-9922583;;;false;system;system;now();now()
700;I000700;HIGHMARK BCBS OF WV;;;;;;800-6762583;;;false;system;system;now();now()
701;I000701;MHNET;;;;;;8668607476;;;false;system;system;now();now()
702;UNKNOWN-27;BCBS OF WESTERN NY;;;;;;8888395169;;;false;system;system;now();now()
703;I000703;BCBS CT ANTHEM;;;;;;8886050580;;;false;system;system;now();now()
704;UNKNOWN-1F;COVENTRY;;;;;;3146444802;;;false;system;system;now();now()
705;UNKNOWN-16;COMPSYCH/PPO;;;;;;;;;false;system;system;now();now()
706;I000706;HIGHMARKS BCBS;;;;;;800-942-0105;;;false;system;system;now();now()
707;I000707;GEISINGER MA LACKAWANNA;;;;;;888-251-2224;;;false;system;system;now();now()
708;I000708;WELLMARK BCBS OF IA;;;;;;800-676-2583;;;false;system;system;now();now()
709;I000709;United Healthcare/Beacon Health Options;Po Box 1290;;Latham;NY;12110;8008102583;;;false;system;system;now();now()
710;1367;CAREFIRST BCBS MD;;;;;;8772287268;;;false;system;system;now();now()
711;1370;ANTHEM OF CA;;;;;;8006762583;;;false;system;system;now();now()
712;UNKNOWN-F9;UNITED HEALTHCARE OXFORD;;;;;;8006661353;;;false;system;system;now();now()
713;246;BCBS - IN;;;;;;8003454344;;;false;system;system;now();now()
714;I000714;BCBS OF AR;;;;;;800-800-4298;;;false;system;system;now();now()
715;I000715;BCBS OF HI;;;;;;8007904672;;;false;system;system;now();now()
716;UNKNOWN-8D;BLUE CROSS BLUE SHIELD OF HI;;;;;;8007904672;;;false;system;system;now();now()
717;I000717;BCBS-TX;;;;;;8004510287;;;false;system;system;now();now()
718;I000718;COVANTRY ONE;;;;;;855-449-2889;;;false;system;system;now();now()
719;UNKNOWN-C0;BCBS OF MASSACHUSETTS;;;;;;;;;false;system;system;now();now()
720;I000720;UNITED BEHAVIORAL HEALTH (PFIZER);;;;;;866-850-6212;;;false;system;system;now();now()
721;I000721;CAREMARK;;;;;;;;;false;system;system;now();now()
722;1380;BEACON HEALTH;;;;;;8003369117;;;false;system;system;now();now()
723;I000723;BCBS OF IL/ TEAM CARE;;;;;;800;;;false;system;system;now();now()
724;I000724;AMERIHEALTH ADMINISTRATORS;;;;;;800-480-5033;;;false;system;system;now();now()
725;I000725;ATRIO;;;;;;8552042964;;;false;system;system;now();now()
726;I000726;BCBS OF IL/ BEACON;;;;;;8005546701;;;false;system;system;now();now()
727;I000727;AETNA MERITAIN;;;;;;800-242-1199;;;false;system;system;now();now()
728;I000728;CCBH LACKAWANNA;;;;;;888-251-2224;;;false;system;system;now();now()
729;I000729;BCBS OF TEXAS;;;;;;800-528-7264;;;false;system;system;now();now()
730;UNKNOWN-0D;EVERGREEN HEALTH;;;;;;;;;false;system;system;now();now()
731;UNKNOWN-C4;UNIFORM MEDICAL PLAN;;;;;;;;;false;system;system;now();now()
732;UNKNOWN-D9;GHI/ EMBLEM HEALTH ;;;;;;;;;false;system;system;now();now()
733;I000733;CCBH-WYOMING COUNTY;;;;;;8882512224;;;false;system;system;now();now()
734;UNKNOWN-FB;HIGHMARK/KEYSTONE BCBS;;;;;;;;;false;system;system;now();now()
735;UNKNOWN-0F;INDEPENDENCE BCBS PERSONAL CHOICE;;;;;;8006762583;;;false;system;system;now();now()
736;I000736;JIGHMARK BCBS OF WV;;;;;;888-809-*9121;;;false;system;system;now();now()
737;I000737;EXCELLUS BCBS OF NY;;;;;;800-676-2583;;;false;system;system;now();now()
738;I000738;ANTHEM BCBS OF VIRGINIA;;;;;;800-991-6045;;;false;system;system;now();now()
739;UNKNOWN-BE;BSBC OF SOUTH CAROLINA;;;;;;8006762583;;;false;system;system;now();now()
740;I000740;HIGHMARK CLASSIC BLUE;;;;;;800-676-2583;;;false;system;system;now();now()
741;I000741;UBH/UHC;;;;;;800-552-9951;;;false;system;system;now();now()
742;UNKNOWN-A9;BCBS OF AL;;;;;;;;;false;system;system;now();now()
743;6534;CONNECTICARE  INC.;;;;;;8606745757;;;false;system;system;now();now()
744;I000744;COVENTRY ONE;;;;;;8009357284;;;false;system;system;now();now()
745;UNKNOWN-EF;VANTAGE;;;;;;3183610900;;;false;system;system;now();now()
746;I000746;BCBS SILVER PLAN;;;;;;;;;false;system;system;now();now()
747;UNKNOWN-9E;BCBS OF OK;;;;;;8006762583;;;false;system;system;now();now()
748;UNKNOWN-09;BCBS OF KY;;;;;;;;;false;system;system;now();now()
749;1411;PRIVATE PAY ;;;;;;;;;false;system;system;now();now()
750;1406;BLUE CROSS BLUE SHIELD OF TENNESEE;;;;;;8009247141;;;false;system;system;now();now()
751;I000751;SUMME CARE;;;;;;8009968701;;;false;system;system;now();now()
752;1416;BCBS WY;;;;;;8004422376;;;false;system;system;now();now()
753;I000753;UHC MULTIPLAN;PO BOX 30555;;SALT LAKE CITY;UT;84130;;;;false;system;system;now();now()
754;I000754;BAS HEALTH LINK OPEN ACCESS;;;;;;;;;false;system;system;now();now()
755;I000755;CCBH MA;;;;;;8882512224;;;false;system;system;now();now()
756;I000756;CARE FIRST BLUE CHOICE;;;;;;;;;false;system;system;now();now()
757;1419;BCBS OF ARKANSAS;;;;;;8008004298;;;false;system;system;now();now()
758;UNKNOWN-8F;HEALTH SCOPE/HOMETOWN HEALTH ;;;;;;;;;false;system;system;now();now()
759;I000759;IU Health Plan;po box 627;;Columbus;Oh;47202-062;;;;false;system;system;now();now()
760;UNKNOWN-46;PREMERA BCBS;;;;;;;;;false;system;system;now();now()
761;1767;UNITED BEHAVIORAL HEALTH;;;;;;8008676758;;;false;system;system;now();now()
762;I000762;BCBS OF MICHIGAN/VALUE OPTIONS;;;;;;800-346-7651;;;false;system;system;now();now()
763;UNKNOWN-D4;HIGHMARK BCBS OF PA;;;;;;8004528507;;;false;system;system;now();now()
764;UNKNOWN-F1;BLUE SHIELD OF MI/ BEACON;;;;;;8008543555;;;false;system;system;now();now()
765;I000765;BCBS INDIANA;;;;;;574-721-9193;;;false;system;system;now();now()
766;I000766;MERCY HEALTH;;;;;;888-914-7726;;;false;system;system;now();now()
767;I000767;UNITED HEALTH SHARED SERVICES;;;;;;866-569-4345;;;false;system;system;now();now()
768;I000768;BC BS OF LOUISIANA;PO BOX 98029;;BATON ROUGE;LA;70898;;;;false;system;system;now();now()
769;I000769;TILE MARBLE ;;;;;;8008489200;;;false;system;system;now();now()
770;I000770;HUMANA POS;PO BOX 14635;;LEXINGTON;KY;40512;1-800-833-6917;;;false;system;system;now();now()
771;1428;EXCELLUS BCBS OF NEW YORK;;;;;;8004991276;;;false;system;system;now();now()
772;1425;ATAP UNION 57;;;;;;2156778820;;;false;system;system;now();now()
773;I000773;GEISINGER MA WYOMING;;;;;;888-251-2224;;;false;system;system;now();now()
774;I000774;HNE;ONE MONARCH PLACE; SUITE 1500 ;;SPRINGFIELD ;MA;01144;1-800-310-2835;;false;system;system;now();now()
775;I000775;MAGELLAN COMPLETE CARE (MEDICAID HMO);;;;;;;;;false;system;system;now();now()
776;UNKNOWN-81;PLANNED ADMIN INC TPA;;;;;;8007684375;;;false;system;system;now();now()
777;I000777;PACIFIC SOURCE/FIRST HEALTH;;;;;;8558965208;;;false;system;system;now();now()
778;I000778;BCBS OF GEORGIA;;;;;;;;;false;system;system;now();now()
779;I000779;BCBS OF ILLIONIS;;;;;;877-284-9296;;;false;system;system;now();now()
780;I000780;HAVARD PILGRIM UHC PPO;;;;;;;;;false;system;system;now();now()
781;1444;ANTHEM BCBS ME;;;;;;8006762583;;;false;system;system;now();now()
782;I000782;BCBS OF MN;;;;;;800-262-0820;;;false;system;system;now();now()
783;868;CAREFIRST ;;;;;;8007222467;;;false;system;system;now();now()
784;I000784;BCBS FEDERAL DE;;;;;;8667305006;;;false;system;system;now();now()
785;UNKNOWN-1E;ANTHEM BLUECROSS BLUESHIELD ;;;;;;;;;false;system;system;now();now()
786;I000786;BCBS OH ANTHEM;;;;;;844-404-6845;;;false;system;system;now();now()
787;I000787;INDEPENDENT BCBS;;;;;;570-593-0877;;;false;system;system;now();now()
788;I000788;St. Croix Chippewa Indians of Wisconsin;;;;;;8002799776;;;false;system;system;now();now()
789;I000789;UNITED HEALTH CARE- CORPORATE;;;;;;8778423210;;;false;system;system;now();now()
790;I000790;Aetna/BHO;Po Box 1830;;Latham;NY;12110;;;;false;system;system;now();now()
791;I000791;bcbs az;;;;;;8002322345 ;;;false;system;system;now();now()
792;I000792;ambetter ar;;;;;;8776170390;;;false;system;system;now();now()
793;I000793;GEISINGER MA (PIKE);;;;;;8552771302;;;false;system;system;now();now()
794;I000794;BCBS NEBRASKA;;;;;;8006762583;;;false;system;system;now();now()
795;I000795;independence bcbs/magellen bh;;;;;;18003276247;;;false;system;system;now();now()
796;I000796;BCBS OF ILLINOIS;;;;;;800-851-7498;;;false;system;system;now();now()
797;UNKNOWN-86;BCBS INDEPENDENCE PERSONAL CHOICE;;;;;;8006881911;;;false;system;system;now();now()
798;I000798;CIGNA/ SAMBA HEALTH;;;;;;8006386589;;;false;system;system;now();now()
799;I000799;medical assist lackawanna;;;;;;;;;false;system;system;now();now()
800;UNKNOWN-58;GHI/EMBLEM HEALTH;;;;;;2125014444;;;false;system;system;now();now()
801;UNKNOWN-B6;ANTHEM BCBS OF GA;;;;;;8002417475;;;false;system;system;now();now()
802;I000802;UNPC;;;;;;8882510083;;;false;system;system;now();now()
803;1468;EVEREST STM;;;;;;8663232985;;;false;system;system;now();now()
804;I000804;FIDELIS CARE;;;;;;;;;false;system;system;now();now()
805;I000805;HEALTH CHOICE;;;;;;800;;;false;system;system;now();now()
806;I000806;GROUP BENEFIT SERVICES;;;;;;410-832-1333;;;false;system;system;now();now()
807;I000807;CORE SOURCE;PO BOX 2920;;CLINTON;IA;52733;;;;false;system;system;now();now()
808;I000808;CAREFIRST BCBS DC;;;;;;800-676-2583;;;false;system;system;now();now()
809;UNKNOWN-54;AETNA GOLD;;;;;;8773363915;;;false;system;system;now();now()
810;I000810;UHC GLOBAL;PO BOX 740372;;ATLANTA ;GA;30374;1-888-543-1328;;;false;system;system;now();now()
811;I000811;ASHLEY WARD;55589 CHEVIOT RD;;CINCINNATI ;OH;45247;513-598-2929;;;false;system;system;now();now()
812;UNKNOWN-CE;BCBS OF DE;;;;;;8003422221;;;false;system;system;now();now()
813;UNKNOWN-0B;MED PARTNERS LUTHERAN;;;;;;2604896447;;;false;system;system;now();now()
814;I000814;BENEFIT ADMIN SYSTEM;;;;;;8005230582;;;false;system;system;now();now()
815;UNKNOWN-BB;AETNA/CARVED OUT TO UHC;;;;;;;;;false;system;system;now();now()
816;I000816;BLUE CROSS BLUE SHIELD OF CONNECTICUT;;;;;;8006762583;;;false;system;system;now();now()
817;I000817;ACCESS (MA)_;;;;;;8882812224;;;false;system;system;now();now()
818;UNKNOWN-C9;AMERIHEALTH POS;;;;;;;;;false;system;system;now();now()
819;I000819;EMBLEM GHI;;;;;;2125014444;;;false;system;system;now();now()
820;I000820;VA;;;;;;;;;false;system;system;now();now()
821;I000821;luzerne county ccbh;;;;;;8666381232;;;false;system;system;now();now()
822;I000822;GHI EMBLEM HEALTH;;;;;;212-501-4444;;;false;system;system;now();now()
823;I000823;BCBS PPO OH ;;;;;;8667764793;;;false;system;system;now();now()
824;I000824;QUAL CHOICE HEALTH;;;;;;8002357111;;;false;system;system;now();now()
825;I000825;LACKAWANNA COUNTY CCBH;;;;;;888-251-2224;;;false;system;system;now();now()
826;1490;FL BCBS;;;;;;8003522583;;;false;system;system;now();now()
827;1498;BCBS OF NORTH CAROLINA;;;;;;8006762583;;;false;system;system;now();now()
828;I000828;AMERIHEALTH NORTHEAST;;;;;;800-480-5033;;;false;system;system;now();now()
829;UNKNOWN-5A;EMPIRE BCBS/VALUE OPT;;;;;;;;;false;system;system;now();now()
830;I000830;CHEISTIANA CARE HEALTH SYSTEM;;;;;;888-839-7972;;;false;system;system;now();now()
831;I000831;CHRISTIANA CARE HEALTH SYSTEM;;;;;;;;;false;system;system;now();now()
832;I000832;INDEPENDENCE BCBS PA ;;;;;;8002752583;;;false;system;system;now();now()
833;UNKNOWN-FD;EMPIRE/VALUE OPTIONS;;;;;;;;;false;system;system;now();now()
834;I000834;8TH DISTRICT ELECTRIC FUND;;;;;800682656;;;;false;system;system;now();now()
835;I000835;CCBH-LACKAWANNA COUNTY;;;;;;8882512224;;;false;system;system;now();now()
836;I000836;LACKAWANNA COUNTY DRUG AND ALCOHOL;;;;;;5709636315;;;false;system;system;now();now()
837;UNKNOWN-EC;UNITED HEALTHCARE/OPTUM;;;;;;8778423210;;;false;system;system;now();now()
838;I000838;LACKA;;;;;;;;;false;system;system;now();now()
839;I000839;LACKAWANNA/SUSQUEHANNA COUNTY DRUG AND ALCOHO;;;;;;570-963-6315;;;false;system;system;now();now()
840;I000840;AETNA/LACKAWANNA CCBH;;;;;;8882512224;;;false;system;system;now();now()
841;I000841;LACKAWANNA/SUSQUEHANNA;;;;;;570-963-6820;;;false;system;system;now();now()
842;I000842;AETNA BETTER HEALTH MA LACKAWAANNA COUNTY;;;;;;888-251-2224;;;false;system;system;now();now()
843;I000843;CCBH LUZERNE;;;;;;888-251-2224;;;false;system;system;now();now()
844;UNKNOWN-08;GHI/ EMBLEM;;;;;;;;;false;system;system;now();now()
845;899;BCBS OF KANSAS;;;;;;8005285763;;;false;system;system;now();now()
846;UNKNOWN-14;AVMED/ MAGELLAN BEHAVIORAL HEALTH;;;;;;8004244810;;;false;system;system;now();now()
847;UNKNOWN-43;LOCAL 137 WELFARE FUND;;;;;;97381022318668749721;;;false;system;system;now();now()
848;I000848;SELF PAY;;;;;;;;;false;system;system;now();now()
849;I000849;OSCAR INSURANCE COMPANY;;;;;;;;;false;system;system;now();now()
850;UNKNOWN-13;BCBC OF ILLINOIS ;;;;;;;;;false;system;system;now();now()
851;I000851;highmark health insurance;;;;;;18006280816;;;false;system;system;now();now()
852;1494;ANTHEM BCBS CA;;;;;;8442643045;;;false;system;system;now();now()
853;1533;BCBS OHIO;;;;;;8002354357;;;false;system;system;now();now()
854;1536;CMR;;;;;;8004138008;;;false;system;system;now();now()
855;I000855;CCBH MA MANAGED CARE - LACKAWANNA;;;;;;8882512224;;;false;system;system;now();now()
856;I000856;HUMANA ONE;;;;;;8008336917;;;false;system;system;now();now()
857;I000857;health link- core source;;;;;;18008483012;;;false;system;system;now();now()
858;UNKNOWN-A3;BCBS UNASSIGNED PREFIX;;;;;;;;;false;system;system;now();now()
859;I000859;CAPITAL BCBS- MAGELLAN;;;;;;866-322-1657;;;false;system;system;now();now()
860;I000860;Sanford Health Plan;;;;;;;;;false;system;system;now();now()
861;1537;COMMUNITY HEALTH;;;;;;8556246463;;;false;system;system;now();now()
862;I000862;CARE OLUS HEALTH PLANS INC;;;;;;;;;false;system;system;now();now()
863;UNKNOWN-93;UNITED HEALTHCARE/ GOLDEN RULE;;;;;;;;;false;system;system;now();now()
864;UNKNOWN-36;UPMC;;;;;;;;;false;system;system;now();now()
865;I000865;MUTUAL HEALTH SERVICES;;;;;;800-367-3762;;;false;system;system;now();now()
866;UNKNOWN-DA;EMBLEM HEALTH/ GHI;;;;;;18006242414;;;false;system;system;now();now()
867;UNKNOWN-26;BLUE SHIELD OF OHIO;;;;;;;;;false;system;system;now();now()
868;UNKNOWN-0E;BLUE CROSS BLUE SHIELD OF CT;;;;;;8557386644;;;false;system;system;now();now()
869;I000869;GEISINGER GHP FAMILY-MA CCBH;;;;;;;;;false;system;system;now();now()
870;I000870;ANTHEM CENTRAL REGION;;;;;;800-345-2227;;;false;system;system;now();now()
871;I000871;AMERIHEALTH/CCBH LUZERNE;;;;;;888-251-2224;;;false;system;system;now();now()
872;I000872;BEACON HEALTH/VALUE OPTIONS;;;;;;;;;false;system;system;now();now()
873;UNKNOWN-10;BCBS IL/BEACON HEALTH OPTIONS;;;;;;;;;false;system;system;now();now()
874;UNKNOWN-E3;ANTHEM BCBS CENTRAL REGION;;;;;;;;;false;system;system;now();now()
875;I000875;UNITED HEALTH CARE DUAL COMPLETE;PO BOX 31350;;SALT LAKE CITY;UT;84131;;;;false;system;system;now();now()
876;I000876;BCBS OF RHODE ISLAND;;;;;;800-676-2583;;;false;system;system;now();now()
877;I000877;MEDICARE;;;;;;;;;false;system;system;now();now()
878;UNKNOWN-5B;AETNA/ BEACON HEALTH OPTIONS;;;;;;8008826501;;;false;system;system;now();now()
879;I000879;CENTRAL PA TEAMSTERS HEALTH AND WELFARE;;;;;;610-320;;;false;system;system;now();now()
880;I000880;CCBH/LUZERNE;;;;;;;;;false;system;system;now();now()
881;I000881;MENTAL HEALTH CONSULANTS;;;;;;2153438987;;;false;system;system;now();now()
882;I000882;BCBS GA ANTHEM;;;;;;844-412-2976;;;false;system;system;now();now()
883;I000883;HUMANA HMO;;;;;;;;;false;system;system;now();now()
884;1546;BLUE CROSS BLUE SHEILD;;;;;;8006762583;;;false;system;system;now();now()
885;I000885;CORESSOURCE (FMH);;;;;;;;;false;system;system;now();now()
886;UNKNOWN-78;BCBS  INDEPENDENCE;;;;;;8006762583;;;false;system;system;now();now()
887;UNKNOWN-E2;EMPIRE BLUE CROSS BLUE SHIELD ;;;;;;8006762583;;;false;system;system;now();now()
888;I000888;Healthgram; Inc;PO Box 11088;;Charlotte;NC;28220;;;false;system;system;now();now()
889;1558;POB 182223 ;;;;;;8002446224;;;false;system;system;now();now()
890;I000890;ANTHEM PPO;;;;;;8006462583;;;false;system;system;now();now()
891;6704;BCBS EXCELLUS;;;;;;8772534797;;;false;system;system;now();now()
892;I000892;INSURANCE SEVICES OF LUBBOCK;;;;;;806-792-0944;;;false;system;system;now();now()
893;I000893;AMERIHEALTH/LACKAWANNA;;;;;;888-251-2224;;;false;system;system;now();now()
894;I000894;BCBS FEDERAL STANDARD;;;;;;;;;false;system;system;now();now()
895;I000895;BLUE CROSS OF NORTHEAST PENNSYLVANIA;;;;;;800-258-9808;;;false;system;system;now();now()
896;I000896;CCBH LUZERNE- AMERIHEALTH CARITAS;;;;;;888-251-2224;;;false;system;system;now();now()
897;I000897;HAP;2850 W. Grand Blvd.;;DETROIT;MI;48202;;;;false;system;system;now();now()
898;I000898;CCBH-LUZERNE GEISINGER HEALTH PLAN;;;;;;888-251-2224;;;false;system;system;now();now()
899;I000899;ma lackawanna ameriheath caritas;;;;;;8882512224;;;false;system;system;now();now()
900;UNKNOWN-92;BLUE SHIELD OF CA;;;;;;8004335768;;;false;system;system;now();now()
901;I000901;ATLANTIC HEALTH SYSTEM BY QUALCAE;;;;;;8883400721;;;false;system;system;now();now()
902;UNKNOWN-50;BCBS OF HIGHMARK;;;;;;;;;false;system;system;now();now()
903;I000903;aetna ma luzerne;;;;;;8882512224;;;false;system;system;now();now()
904;952;UH;;;;;;;;;false;system;system;now();now()
905;I000905;BEACON HEALTH OPTIONS/MVP;;;;;;8773909652;;;false;system;system;now();now()
906;UNKNOWN-B5;HORIZON BCBS OF NEW JERSEY;;;;;;8004427247;;;false;system;system;now();now()
907;I000907;UNITED HEALTHCARE CHOICE PPO;;;;;;;;;false;system;system;now();now()
908;I000908;GEISINGER LACKAWANNA CCBH;;;;;;;;;false;system;system;now();now()
909;I000909;CCBH/LACKAWANNA GEISINGER;;;;;;;;;false;system;system;now();now()
910;I000910;BCBS HIGH MARK ;;;;;;;;;false;system;system;now();now()
911;UNKNOWN-2A;EMPIRE BCBS/ GHI;;;;;;8006922489;;;false;system;system;now();now()
912;6628;AETNA HEALTH PLAN;;;;;;8886323862;;;false;system;system;now();now()
913;UNKNOWN-D1;BLUE CROSS BLUE SHIELD OF WYOMING;;;;;;;;;false;system;system;now();now()
914;I000914;mutual assurance administrators;;;;;;18002239941;;;false;system;system;now();now()
915;I000915;HUMANA CHOICE;;;;;;;;;false;system;system;now();now()
916;I000916;BCBS NC FEDERAL;;;;;;8667305006;;;false;system;system;now();now()
917;I000917;BHO;PO Box 1347;;Latham;NY;12110;8772287268;;;false;system;system;now();now()
918;103790011;BCBS OF AL/WEALTHY FOR LIFE;;;;;;8006774544;;;false;system;system;now();now()
919;UNKNOWN-B0;INDIANA UNIVERSITY HEALTH;;;;;;8008732022;;;false;system;system;now();now()
920;I000920;ANTHEM OF VA;;;;;;800-552-2682;;;false;system;system;now();now()
921;1050;BCBS HI;;;;;;8006762583;;;false;system;system;now();now()
922;I000922;SUMMA CARE;;;;;;8889968410;;;false;system;system;now();now()
923;I000923;BLUE CROSS OF CALIFORNIA;;;;;;8006762583;;;false;system;system;now();now()
924;I000924;SAGAMORE HEALTH NETWORK;;;;;;877-300-9969;;;false;system;system;now();now()
925;I000925;CCBH/LACKAWANNA;;;;;;;;;false;system;system;now();now()
926;UNKNOWN-2F;BCBS/ UBH;;;;;;8006762583;;;false;system;system;now();now()
927;I000927;UHC Dual Complete PPO SNP;PO BOX 31362;;SALT LAKE CITY;UT;84131;974721889;;;false;system;system;now();now()
928;1625;PEBTF GEISINGER;;;;;;8005040443;;;false;system;system;now();now()
929;I000929;TUFTS;;;;;;800-208-9565;;;false;system;system;now();now()
930;I000930;-- NONE --;;;;;;;;;false;system;system;now();now()
931;1060;ANTHEM BCBS NORTHEAST;;;;;;8006762583;;;false;system;system;now();now()
932;1054;BCBS OF FL;;;;;;8003332227;;;false;system;system;now();now()
933;I000933;CCBH LACKAWANNA COUNTY(AMERIHEALTH CARITAS NE;;;;;;888-251-2224;;;false;system;system;now();now()
